playerName,playerID,age,tm,lg,G,PA,AB,R,H,B2,B3,HR,RBI,SB,CS,BB,SO,TB,GDP,HBP,SH,SF,IBB
Fernando Abad*,abadfe01,33,SFG,NL,4,0,0,0,0,0,0,0,0,0,0,0,0,0,0,0,0,0,0
Jose Abreu,abreujo02,32,CHW,AL,126,545,506,64,140,28,0,28,97,2,2,26,119,252,18,6,0,7,3
Ronald Acuna Jr.,acunaro01,21,ATL,NL,128,592,521,106,154,17,1,36,88,29,8,59,145,281,7,9,0,0,3
Jason Adam,adamja01,27,TOR,AL,2,0,0,0,0,0,0,0,0,0,0,0,0,0,0,0,0,0,0
Willy Adames,adamewi01,23,TBR,AL,121,474,432,57,109,19,1,16,40,4,1,36,122,178,8,3,3,0,1
Matt Adams*,adamsma01,30,WSN,NL,95,288,269,41,66,14,0,20,56,0,0,17,96,140,6,1,0,1,0
Jim Adduci*,adducji02,34,CHC,NL,2,5,5,0,0,0,0,0,0,0,0,0,3,0,0,0,0,0,0
Ehire Adrianza#,adriaeh01,29,MIN,AL,73,201,170,31,50,7,3,4,19,0,2,19,29,75,2,6,1,3,1
Dario Agrazal,agrazda01,24,PIT,NL,8,12,12,0,0,0,0,0,0,0,0,0,6,0,0,0,0,0,0
Nick Ahmed,ahmedni01,29,ARI,NL,126,497,439,69,119,26,4,17,70,7,1,44,88,204,11,2,1,11,1
Matt Albers*,alberma01,36,MIL,NL,52,0,0,0,0,0,0,0,0,0,0,0,0,0,0,0,0,0,0
Hanser Alberto,alberha01,26,BAL,AL,109,422,402,43,126,18,2,9,43,4,2,12,39,175,6,3,2,3,1
Ozzie Albies#,albieoz01,22,ATL,NL,128,558,512,79,148,33,7,18,68,12,3,41,89,249,2,3,0,2,4
Sandy Alcantara,alcansa01,23,MIA,NL,24,46,42,2,5,1,0,0,4,0,0,1,30,6,0,1,2,0,0
Victor Alcantara,alcanvi01,26,DET,AL,7,0,0,0,0,0,0,0,0,0,0,0,0,0,0,0,0,0,0
Scott Alexander*,alexasc02,29,LAD,NL,27,0,0,0,0,0,0,0,0,0,0,0,0,0,0,0,0,0,0
Jorge Alfaro,alfarjo01,26,MIA,NL,99,354,333,30,85,10,1,11,40,2,3,12,123,130,9,7,0,2,0
Anthony Alford,alforan01,24,TOR,AL,1,3,3,0,0,0,0,0,0,0,0,0,1,0,0,0,0,0,0
Kolby Allard*,allarko01,21,TEX,AL,1,2,2,0,0,0,0,0,0,0,0,0,0,0,0,0,0,0,0
Austin Allen*,allenau01,25,SDP,NL,21,49,44,2,11,3,0,0,3,0,0,5,10,14,1,0,0,0,3
Cody Allen,allenco01,30,LAA,AL,1,1,1,0,0,0,0,0,0,0,0,0,1,0,0,0,0,0,0
Greg Allen#,allengr01,26,CLE,AL,60,188,171,26,40,7,3,4,23,3,2,8,37,65,3,6,2,1,0
Yency Almonte#,almonye01,25,COL,NL,12,3,3,0,0,0,0,0,0,0,0,0,1,0,0,0,0,0,0
Albert Almora,almoral01,25,CHC,NL,114,343,321,39,78,11,1,12,32,2,1,14,58,127,7,1,5,2,2
Pete Alonso,alonspe01,24,NYM,NL,126,538,457,76,122,26,2,40,97,1,0,60,137,272,10,18,0,3,4
Dan Altavilla,altavda01,26,SEA,AL,1,0,0,0,0,0,0,0,0,0,0,0,0,0,0,0,0,0,0
Jose Altuve,altuvjo01,29,HOU,AL,93,414,374,69,111,19,1,23,56,5,3,35,61,201,16,3,0,2,0
Jose Alvarado*,alvarjo03,24,TBR,AL,4,0,0,0,0,0,0,0,0,0,0,0,0,0,0,0,0,0,0
Jose Alvarez*,alvarjo02,30,PHI,NL,48,0,0,0,0,0,0,0,0,0,0,0,0,0,0,0,0,0,0
Yordan Alvarez*,alvaryo01,22,HOU,AL,57,244,208,35,68,17,0,19,57,0,0,33,58,142,7,1,0,2,3
Adbert Alzolay,alzolad01,24,CHC,NL,3,5,5,0,0,0,0,0,0,0,0,0,2,0,0,0,0,0,0
Brett Anderson*,anderbr04,31,OAK,AL,3,8,8,1,4,0,0,0,0,0,0,0,2,4,0,0,0,0,0
Brian Anderson,anderbr06,26,MIA,NL,125,518,459,56,120,33,1,20,65,5,1,43,114,215,15,13,0,3,1
Chase Anderson,anderch01,31,MIL,NL,23,34,30,0,1,0,0,0,1,0,0,2,19,1,0,0,2,0,0
Drew Anderson,anderdr02,25,PHI,NL,2,1,1,0,0,0,0,0,0,0,0,0,1,0,0,0,0,0,0
Justin Anderson*,anderju01,26,LAA,AL,5,0,0,0,0,0,0,0,0,0,0,0,0,0,0,0,0,0,0
Shaun Anderson,andersh01,24,SFG,NL,15,27,24,0,2,1,0,0,0,0,0,0,18,3,0,1,2,0,0
Tanner Anderson,anderta01,26,OAK,AL,1,1,1,0,0,0,0,0,0,0,0,0,1,0,0,0,0,0,0
Tim Anderson,anderti01,26,CHW,AL,93,382,368,59,122,23,0,13,45,16,4,10,76,184,9,3,0,1,0
Tyler Anderson*,anderty01,29,COL,NL,5,8,7,1,1,0,0,0,0,0,0,0,4,1,1,0,1,0,0
Matt Andriese,andrima01,29,ARI,NL,38,5,5,0,0,0,0,0,0,0,0,0,2,0,0,0,0,0,0
Elvis Andrus,andruel01,30,TEX,AL,116,513,475,63,134,24,4,10,59,25,6,26,73,196,11,4,0,8,0
Miguel Andujar,andujmi01,24,NYY,AL,12,49,47,1,6,0,0,0,1,0,0,1,11,6,4,0,0,1,0
Aristides Aquino,aquinar01,25,CIN,NL,20,75,67,16,21,1,0,11,23,0,0,7,18,55,1,1,0,0,1
Victor Arano,aranovi01,24,PHI,NL,3,0,0,0,0,0,0,0,0,0,0,0,0,0,0,0,0,0,0
Chris Archer,archech01,30,PIT,NL,22,41,35,1,4,0,0,0,2,0,0,3,19,4,0,0,3,0,0
Orlando Arcia,arciaor01,24,MIL,NL,120,440,397,47,90,11,1,14,46,7,4,38,88,145,14,0,1,4,5
Nolan Arenado,arenano01,28,COL,NL,125,533,478,82,144,24,2,32,99,2,2,45,71,268,10,3,0,7,9
Randy Arozarena,arozara01,24,STL,NL,3,8,8,0,2,0,0,0,1,0,0,0,2,2,0,0,0,0,0
Luis Arraez*,arraelu01,22,MIN,AL,61,238,211,37,72,11,1,3,20,2,2,24,17,94,2,1,0,2,1
Jake Arrieta,arrieja01,33,PHI,NL,23,50,45,2,7,1,0,0,4,0,0,1,19,8,1,0,4,0,0
Christian Arroyo,arroych01,24,TBR,AL,16,57,50,8,11,2,0,2,7,0,0,5,18,19,0,1,1,0,0
Humberto Arteaga,arteahu01,25,KCR,AL,30,103,94,8,17,2,0,0,4,1,1,5,20,19,2,1,2,0,0
Willians Astudillo,astudwi01,27,MIN,AL,39,142,133,19,35,7,0,3,13,0,0,2,5,51,6,3,0,4,0
Abiatal Avelino,aveliab01,24,SFG,NL,3,5,5,0,1,0,0,0,0,0,0,0,2,1,0,0,0,0,0
Alex Avila*,avilaal01,32,ARI,NL,46,147,118,18,27,5,0,9,22,1,0,28,45,59,6,1,0,0,6
Pedro Avila,avilape01,22,SDP,NL,1,2,1,0,0,0,0,0,0,0,0,0,0,0,0,0,1,0,0
Luis Avilan*,avilalu01,29,NYM,NL,27,0,0,0,0,0,0,0,0,0,0,0,0,0,0,0,0,0,0
Harrison Bader,baderha01,25,STL,NL,93,271,227,34,44,10,3,6,20,6,3,34,75,78,2,8,1,1,4
Javier Baez,baezja01,26,CHC,NL,124,525,499,84,141,34,4,28,82,10,6,24,143,267,15,0,0,2,3
Michel Baez,baezmi01,23,SDP,NL,9,0,0,0,0,0,0,0,0,0,0,0,0,0,0,0,0,0,0
Pedro Baez,baezpe01,31,LAD,NL,53,0,0,0,0,0,0,0,0,0,0,0,0,0,0,0,0,0,0
Manny Banuelos,banuema01,28,CHW,AL,1,0,0,0,0,0,0,0,0,0,0,0,0,0,0,0,0,0,0
Luke Bard,bardlu01,28,LAA,AL,2,0,0,0,0,0,0,0,0,0,0,0,0,0,0,0,0,0,0
Scott Barlow,barlosc01,26,KCR,AL,2,0,0,0,0,0,0,0,0,0,0,0,0,0,0,0,0,0,0
Austin Barnes,barneau01,29,LAD,NL,70,233,204,27,40,10,1,5,23,3,0,22,53,67,8,5,0,2,3
Matt Barnes,barnema01,29,BOS,AL,3,1,1,0,0,0,0,0,0,0,0,0,1,0,0,0,0,0,0
Tony Barnette,barneto01,35,CHC,NL,2,0,0,0,0,0,0,0,0,0,0,0,0,0,0,0,0,0,0
Tucker Barnhart#,barnhtu01,28,CIN,NL,83,268,232,28,53,8,0,9,32,1,0,32,66,88,3,2,1,1,7
Kyle Barraclough,barraky01,29,WSN,NL,32,0,0,0,0,0,0,0,0,0,0,0,0,0,0,0,0,0,0
Franklin Barreto,barrefr02,23,OAK,AL,17,48,47,6,5,1,0,2,4,1,0,1,18,12,0,0,0,0,0
Jaime Barria,barrija01,22,LAA,AL,1,2,2,0,0,0,0,0,0,0,0,0,1,0,0,0,0,0,0
Tyler Bashlor,bashlty01,26,NYM,NL,18,0,0,0,0,0,0,0,0,0,0,0,0,0,0,0,0,0,0
Anthony Bass,bassan01,31,SEA,AL,1,0,0,0,0,0,0,0,0,0,0,0,0,0,0,0,0,0,0
Chris Bassitt,bassich01,30,OAK,AL,3,5,4,0,0,0,0,0,0,0,0,0,2,0,0,0,1,0,0
Jake Bauers*,bauerja01,23,CLE,AL,100,383,343,42,80,15,1,11,39,2,3,35,102,130,3,3,0,2,0
Matt Beaty*,beatyma01,26,LAD,NL,68,191,178,28,53,17,1,7,37,2,0,13,24,93,4,0,0,0,2
Gordon Beckham,beckhgo01,32,DET,AL,71,214,197,25,44,13,2,5,14,2,1,13,63,76,5,4,0,0,0
Tim Beckham,beckhti01,29,SEA,AL,88,328,304,39,72,21,1,15,47,1,3,21,102,140,7,3,0,0,0
Cam Bedrosian,bedroca01,27,LAA,AL,6,0,0,0,0,0,0,0,0,0,0,0,0,0,0,0,0,0,0
Tyler Beede,beedety01,26,SFG,NL,19,33,28,2,4,0,0,0,1,0,0,3,17,4,0,0,2,0,0
Jalen Beeks*,beeksja02,25,TBR,AL,4,3,3,0,0,0,0,0,0,0,0,0,2,0,0,0,0,0,0
Josh Bell#,belljo02,26,PIT,NL,123,528,457,84,127,37,3,31,99,0,1,62,108,263,9,3,0,6,9
Cody Bellinger*,bellico01,23,LAD,NL,124,531,449,101,142,27,2,42,100,10,5,74,85,299,6,3,0,4,15
Brandon Belt*,beltbr01,31,SFG,NL,123,497,419,63,95,21,2,14,49,3,3,71,100,162,5,3,0,4,2
Andrew Benintendi*,beninan01,24,BOS,AL,113,523,463,62,131,38,5,12,63,9,2,50,124,215,3,5,2,3,1
Travis Bergen*,bergetr01,25,SFG,NL,21,0,0,0,0,0,0,0,0,0,0,0,0,0,0,0,0,0,0
Jose Berrios,berrijo01,25,MIN,AL,2,5,4,1,0,0,0,0,0,0,0,1,4,0,0,0,0,0,0
Jon Berti,bertijo01,29,MIA,NL,42,149,131,28,35,8,1,4,12,5,1,13,31,57,2,4,0,1,0
Chad Bettis,bettich01,30,COL,NL,35,10,5,0,0,0,0,0,0,0,0,2,2,0,0,0,3,0,0
Mookie Betts,bettsmo01,26,BOS,AL,127,598,501,116,142,36,5,21,65,13,3,88,90,251,11,2,0,7,6
Bo Bichette,bichebo01,21,TOR,AL,23,107,100,15,32,12,0,7,11,2,4,7,27,65,1,0,0,0,0
Shane Bieber,biebesh01,24,CLE,AL,2,5,5,0,0,0,0,0,0,0,0,0,3,0,0,0,0,0,0
Cavan Biggio*,biggica01,24,TOR,AL,71,300,252,41,52,10,0,10,31,9,0,46,89,92,0,0,0,1,0
Greg Bird*,birdgr01,26,NYY,AL,10,41,35,6,6,0,0,1,1,0,0,6,16,9,1,0,0,0,0
Kyle Bird*,birdky01,26,TEX,AL,1,0,0,0,0,0,0,0,0,0,0,0,0,0,0,0,0,0,0
Braden Bishop,bishobr01,25,SEA,AL,10,24,24,1,2,0,0,0,2,0,0,0,9,2,0,0,0,0,0
Charlie Blackmon*,blackch02,32,COL,NL,109,501,466,96,152,34,7,27,72,2,4,28,86,281,5,6,0,1,1
Michael Blazek,blazemi01,30,WSN,NL,4,0,0,0,0,0,0,0,0,0,0,0,0,0,0,0,0,0,0
Richard Bleier*,bleieri01,32,BAL,AL,4,0,0,0,0,0,0,0,0,0,0,0,0,0,0,0,0,0,0
Jerry Blevins*,blevije01,35,ATL,NL,34,0,0,0,0,0,0,0,0,0,0,0,0,0,0,0,0,0,0
Xander Bogaerts,bogaexa01,26,BOS,AL,124,560,494,95,151,43,0,27,94,4,1,61,102,275,8,1,0,4,2
Skye Bolt#,boltsk01,25,OAK,AL,4,8,7,1,1,1,0,0,0,0,0,1,2,2,0,0,0,0,0
Jorge Bonifacio,bonifjo01,26,KCR,AL,5,21,20,3,7,3,0,0,3,0,0,1,7,10,0,0,0,0,0
Buddy Boshers*,boshebu01,31,TOR,AL,2,0,0,0,0,0,0,0,0,0,0,0,0,0,0,0,0,0,0
David Bote,boteda01,26,CHC,NL,106,310,268,38,69,16,0,10,40,4,1,35,81,115,7,5,0,2,3
Justin Bour*,bourju01,31,LAA,AL,45,160,142,18,26,5,0,8,26,0,0,16,46,55,7,1,0,1,0
Peter Bourjos,bourjpe01,32,LAA,AL,26,46,44,4,4,1,0,0,2,2,0,1,15,5,1,0,0,1,0
James Bourque,bourqja01,25,WSN,NL,1,0,0,0,0,0,0,0,0,0,0,0,0,0,0,0,0,0,0
Matt Bowman,bowmama01,28,CIN,NL,18,1,1,0,0,0,0,0,0,0,0,0,0,0,0,0,0,0,0
Brad Boxberger,boxbebr01,31,KCR,AL,2,0,0,0,0,0,0,0,0,0,0,0,0,0,0,0,0,0,0
Matthew Boyd*,boydma01,28,DET,AL,1,2,2,0,1,0,0,0,0,0,0,0,1,1,0,0,0,0,0
Chasen Bradford,bradfch02,29,SEA,AL,1,0,0,0,0,0,0,0,0,0,0,0,0,0,0,0,0,0,0
Archie Bradley,bradlar01,26,ARI,NL,46,1,1,0,0,0,0,0,0,0,0,0,1,0,0,0,0,0,0
Bobby Bradley*,bradlbo01,23,CLE,AL,15,49,45,4,8,5,0,1,4,0,0,4,20,16,2,0,0,0,0
Jackie Bradley Jr.*,bradlja02,29,BOS,AL,116,461,401,55,90,21,3,16,50,7,2,44,119,165,5,11,3,2,3
Michael Brantley*,brantmi02,32,HOU,AL,119,521,471,78,159,39,2,18,78,3,2,42,52,256,16,5,0,3,3
Rob Brantly*,brantro01,29,PHI,NL,1,1,1,0,0,0,0,0,0,0,0,0,1,0,0,0,0,0,0
Ryan Brasier,brasiry01,31,BOS,AL,2,0,0,0,0,0,0,0,0,0,0,0,0,0,0,0,0,0,0
Steven Brault*,braulst01,27,PIT,NL,23,34,29,6,9,1,0,0,1,0,0,1,6,10,1,0,4,0,0
Ryan Braun,braunry02,35,MIL,NL,117,419,382,56,109,24,2,18,55,9,1,26,88,191,13,6,0,1,1
John Brebbia*,brebbjo01,29,STL,NL,49,1,1,1,1,0,0,0,0,0,0,0,0,1,0,0,0,0,0
Alex Bregman,bregmal01,25,HOU,AL,123,548,441,95,123,26,2,31,85,4,1,93,69,246,8,7,0,7,1
Brandon Brennan,brennbr01,27,SEA,AL,1,0,0,0,0,0,0,0,0,0,0,0,0,0,0,0,0,0,0
Colten Brewer,breweco01,26,BOS,AL,1,0,0,0,0,0,0,0,0,0,0,0,0,0,0,0,0,0,0
Austin Brice,briceau01,27,MIA,NL,32,0,0,0,0,0,0,0,0,0,0,0,0,0,0,0,0,0,0
Jeff Brigham,brighje01,27,MIA,NL,17,1,1,0,0,0,0,0,0,0,0,0,1,0,0,0,0,0,0
Lewis Brinson,brinsle01,25,MIA,NL,44,146,137,5,25,8,0,0,8,1,1,4,46,33,4,3,1,1,0
Socrates Brito*,britoso01,26,TOR,AL,17,43,39,5,3,0,1,0,2,0,0,4,17,5,2,0,0,0,0
Zack Britton*,brittza01,31,NYY,AL,3,0,0,0,0,0,0,0,0,0,0,0,0,0,0,0,0,0,0
Mike Brosseau,brossmi01,25,TBR,AL,39,124,116,14,32,7,0,5,15,1,0,5,31,54,2,2,1,0,0
Kris Bryant,bryankr01,27,CHC,NL,121,530,455,91,130,32,1,26,63,2,0,62,112,242,9,12,0,1,1
Ryan Buchter*,buchtry01,32,OAK,AL,4,0,0,0,0,0,0,0,0,0,0,0,0,0,0,0,0,0,0
Walker Buehler,buehlwa01,24,LAD,NL,24,55,49,3,4,0,0,1,2,0,0,3,27,7,0,0,3,0,0
Madison Bumgarner,bumgama01,29,SFG,NL,29,62,51,3,7,0,0,1,3,0,0,8,32,10,0,0,3,0,0
Aaron Bummer*,bummeaa01,25,CHW,AL,5,0,0,0,0,0,0,0,0,0,0,0,0,0,0,0,0,0,0
Dylan Bundy#,bundydy01,26,BAL,AL,1,2,2,0,0,0,0,0,0,0,0,0,2,0,0,0,0,0,0
Nick Burdi,burdini01,26,PIT,NL,10,0,0,0,0,0,0,0,0,0,0,0,0,0,0,0,0,0,0
Corbin Burnes,burneco01,24,MIL,NL,28,8,7,0,2,0,0,0,0,0,0,0,2,2,0,0,1,0,0
Drew Butera,buterdr01,35,COL,NL,7,19,17,4,3,2,0,0,0,0,0,1,4,5,0,0,1,0,0
Ty Buttrey*,buttrty01,26,LAA,AL,4,0,0,0,0,0,0,0,0,0,0,0,0,0,0,0,0,0,0
Byron Buxton,buxtoby01,25,MIN,AL,82,295,271,48,71,30,4,10,46,14,3,19,68,139,3,2,2,1,1
Genesis Cabrera*,cabrege01,22,STL,NL,5,3,3,0,0,0,0,0,0,0,0,0,3,0,0,0,0,0,0
Melky Cabrera#,cabreme01,34,PIT,NL,110,338,322,37,89,19,1,6,39,2,0,14,36,128,12,1,1,0,2
Miguel Cabrera,cabremi01,36,DET,AL,113,457,413,32,115,18,0,9,50,0,0,37,92,160,16,3,0,4,3
Trevor Cahill,cahiltr01,31,LAA,AL,2,3,3,0,1,0,0,0,0,0,0,0,1,1,0,0,0,0,0
Lorenzo Cain,cainlo01,33,MIL,NL,116,513,461,62,117,25,0,8,40,15,6,42,86,166,12,6,0,4,0
Kole Calhoun*,calhoko01,31,LAA,AL,122,509,444,75,103,23,1,27,63,3,1,56,125,209,11,6,0,2,6
Willie Calhoun*,calhowi01,24,TEX,AL,51,199,187,32,54,9,1,13,29,0,0,11,34,104,3,1,0,0,0
Johan Camargo#,camarjo01,25,ATL,NL,89,236,221,26,49,10,1,5,29,1,0,14,40,76,5,0,1,0,2
Jeimer Candelario#,candeje01,25,DET,AL,73,308,273,27,54,12,1,7,24,3,1,31,82,89,2,4,0,0,1
Mark Canha,canhama01,30,OAK,AL,93,353,294,54,79,12,2,19,43,2,2,47,81,152,6,10,0,2,1
Griffin Canning,cannigr01,23,LAA,AL,1,2,2,0,0,0,0,0,0,0,0,0,1,0,0,0,0,0,0
Robinson Cano*,canoro01,36,NYM,NL,86,346,325,37,82,23,0,10,32,0,0,17,58,135,13,3,0,1,3
Matt Carasiti,carasma01,27,SEA,AL,1,1,1,0,0,0,0,0,0,0,0,0,0,0,0,0,0,0,0
Victor Caratini#,caratvi01,25,CHC,NL,63,182,157,19,39,8,0,6,23,1,0,23,41,65,4,1,0,1,0
Shane Carle,carlesh01,27,ATL,NL,5,1,1,0,0,0,0,0,0,0,0,0,1,0,0,0,0,0,0
Matt Carpenter*,carpema01,33,STL,NL,98,401,339,48,72,14,2,11,33,6,1,52,105,123,3,5,1,4,0
Ryan Carpenter*,carpery01,28,DET,AL,1,2,2,0,0,0,0,0,0,0,0,0,1,0,0,0,0,0,0
Curt Casali,casalcu01,30,CIN,NL,62,172,150,19,38,7,0,6,24,0,0,19,44,63,0,1,0,2,1
Diego Castillo,castidi01,25,TBR,AL,7,1,1,0,0,0,0,0,0,0,0,0,1,0,0,0,0,0,0
Jose Castillo*,castijo03,23,SDP,NL,1,0,0,0,0,0,0,0,0,0,0,0,0,0,0,0,0,0,0
Luis Castillo,castilu02,26,CIN,NL,25,52,48,2,4,1,0,0,0,0,0,0,25,5,1,0,4,0,0
Welington Castillo,castiwe01,32,CHW,AL,56,196,178,12,36,9,0,7,23,0,0,14,60,66,6,3,0,1,0
Wilkin Castillo#,castiwi01,35,MIA,NL,2,7,7,0,1,1,0,0,2,0,0,0,3,2,0,0,0,0,0
Harold Castro*,castrha01,25,DET,AL,67,253,240,22,67,6,3,4,28,3,2,7,63,91,4,0,2,4,0
Jason Castro*,castrja01,32,MIN,AL,62,220,193,36,46,9,0,12,28,0,0,23,66,91,0,2,1,1,0
Miguel Castro,castrmi01,24,BAL,AL,4,0,0,0,0,0,0,0,0,0,0,0,0,0,0,0,0,0,0
Starlin Castro,castrst01,29,MIA,NL,126,526,500,41,131,20,3,11,60,2,1,18,87,190,18,1,0,7,1
Jake Cave*,caveja01,26,MIN,AL,48,139,120,14,31,7,0,2,11,0,0,11,45,44,1,7,0,1,0
Xavier Cedeno*,cedenxa01,32,CHC,NL,5,0,0,0,0,0,0,0,0,0,0,0,0,0,0,0,0,0,0
Francisco Cervelli,cervefr01,33,PIT,NL,34,123,109,11,21,3,0,1,5,1,0,9,31,27,4,4,1,0,0
Luis Cessa,cessalu01,27,NYY,AL,2,1,1,0,0,0,0,0,0,0,0,0,1,0,0,0,0,0,0
Jhoulys Chacin,chacijh01,31,MIL,NL,18,25,24,2,3,0,0,1,1,0,0,1,10,6,0,0,0,0,0
Andrew Chafin,chafian01,29,ARI,NL,54,0,0,0,0,0,0,0,0,0,0,0,0,0,0,0,0,0,0
Yu Chang,changyu01,23,CLE,AL,2,4,4,0,0,0,0,0,0,0,0,0,2,0,0,0,0,0,0
Aroldis Chapman*,chapmar01,31,NYY,AL,2,0,0,0,0,0,0,0,0,0,0,0,0,0,0,0,0,0,0
Matt Chapman,chapmma01,26,OAK,AL,124,530,466,82,120,31,3,29,71,0,1,55,109,244,11,6,0,3,0
JT Chargois#,chargjt01,28,LAD,NL,19,1,1,0,0,0,0,0,0,0,0,0,1,0,0,0,0,0,0
Tyler Chatwood,chatwty01,29,CHC,NL,30,19,16,1,3,2,0,0,1,0,0,1,6,5,0,0,2,0,0
Jesse Chavez,chaveje01,35,TEX,AL,4,2,2,0,1,0,0,0,0,0,0,0,1,1,0,0,0,0,0
Michael Chavis,chavimi01,23,BOS,AL,95,382,347,46,88,10,1,18,58,2,1,31,127,154,11,4,0,0,2
Wei-Yin Chen,chenwe02,33,MIA,NL,35,4,4,0,0,0,0,0,0,0,0,0,3,0,0,0,0,0,0
Robinson Chirinos,chiriro01,35,HOU,AL,95,365,305,46,73,17,0,14,45,0,2,42,109,132,8,11,2,5,1
Yonny Chirinos,chiriyo01,25,TBR,AL,1,2,2,0,0,0,0,0,0,0,0,0,2,0,0,0,0,0,0
Ji-Man Choi*,choiji01,28,TBR,AL,99,379,322,37,81,14,1,11,43,2,3,47,77,130,5,6,0,4,2
Shin-Soo Choo*,choosh01,36,TEX,AL,121,527,451,76,121,27,2,20,48,11,1,61,127,212,5,14,0,1,3
Adam Cimber,cimbead01,28,CLE,AL,3,0,0,0,0,0,0,0,0,0,0,0,0,0,0,0,0,0,0
Steve Cishek,cishest01,33,CHC,NL,49,2,2,0,0,0,0,0,0,0,0,0,0,0,0,0,0,0,0
Nick Ciuffo*,ciuffni01,24,TBR,AL,3,6,6,0,1,0,0,0,0,0,0,0,3,1,0,0,0,0,0
Aaron Civale,civalaa01,24,CLE,AL,1,2,2,0,0,0,0,0,0,0,0,0,1,0,0,0,0,0,0
Taylor Clarke,clarkta01,26,ARI,NL,13,22,22,2,6,0,0,1,2,0,0,0,9,9,0,0,0,0,0
Emmanuel Clase,claseem01,21,TEX,AL,1,0,0,0,0,0,0,0,0,0,0,0,0,0,0,0,0,0,0
Alex Claudio*,claudal01,27,MIL,NL,63,0,0,0,0,0,0,0,0,0,0,0,0,0,0,0,0,0,0
Tyler Clippard,clippty01,34,CLE,AL,2,0,0,0,0,0,0,0,0,0,0,0,0,0,0,0,0,0,0
Gerrit Cole,colege01,28,HOU,AL,2,5,5,0,0,0,0,0,0,0,0,0,4,0,1,0,0,0,0
Taylor Cole,coleta01,29,LAA,AL,3,0,0,0,0,0,0,0,0,0,0,0,0,0,0,0,0,0,0
Tim Collins*,colliti01,29,CHC,NL,9,0,0,0,0,0,0,0,0,0,0,0,0,0,0,0,0,0,0
Zack Collins*,colliza01,24,CHW,AL,9,31,26,4,2,0,0,1,3,0,0,5,14,5,0,0,0,0,0
Alex Colome,colomal01,30,CHW,AL,4,0,0,0,0,0,0,0,0,0,0,0,0,0,0,0,0,0,0
Michael Conforto*,confomi01,26,NYM,NL,117,505,425,70,110,21,0,27,76,7,1,65,111,212,7,10,0,5,4
Adam Conley*,conlead01,29,MIA,NL,45,0,0,0,0,0,0,0,0,0,0,0,0,0,0,0,0,0,0
Willson Contreras,contrwi01,27,CHC,NL,87,340,295,45,81,15,1,19,57,1,2,34,85,155,3,9,0,2,2
Sam Coonrod,coonrsa01,26,SFG,NL,17,0,0,0,0,0,0,0,0,0,0,0,0,0,0,0,0,0,0
Garrett Cooper,coopega03,28,MIA,NL,87,346,310,47,88,12,1,12,42,0,0,29,94,138,8,5,0,2,0
Patrick Corbin*,corbipa01,29,WSN,NL,25,59,52,2,4,1,0,0,3,0,0,3,22,5,0,0,4,0,0
Ryan Cordell,cordery01,27,CHW,AL,81,216,194,18,44,7,0,6,20,2,0,13,64,69,2,3,5,1,0
Franchy Cordero*,cordefr02,24,SDP,NL,9,20,15,2,5,1,0,0,1,1,0,4,7,6,0,0,0,1,0
Carlos Correa,correca01,24,HOU,AL,72,310,270,39,75,16,1,19,56,1,0,34,70,150,8,2,0,4,0
Nestor Cortes Jr.,cortene01,24,NYY,AL,1,0,0,0,0,0,0,0,0,0,0,0,0,0,0,0,0,0,0
Ryan Court,courtry01,31,SEA,AL,8,18,17,1,4,1,0,1,5,0,0,1,5,8,0,0,0,0,0
Dylan Covey,coveydy01,27,CHW,AL,2,2,2,0,0,0,0,0,0,0,0,0,1,0,0,0,0,0,0
Zack Cozart,cozarza01,33,LAA,AL,38,107,97,4,12,2,0,0,7,0,0,5,16,14,2,2,0,3,0
Dylan Cozens*,cozendy01,25,PHI,NL,1,1,1,0,0,0,0,0,0,0,0,0,0,0,0,0,0,0,0
Brandon Crawford*,crawfbr01,32,SFG,NL,117,450,404,48,92,21,2,9,49,3,2,40,99,144,9,3,0,3,3
J.P. Crawford*,crawfjp01,24,SEA,AL,71,304,264,33,66,19,4,5,39,5,3,34,67,108,3,1,2,3,0
Stefan Crichton,crichst01,27,ARI,NL,15,0,0,0,0,0,0,0,0,0,0,0,0,0,0,0,0,0,0
Kyle Crick*,crickky01,26,PIT,NL,43,0,0,0,0,0,0,0,0,0,0,0,0,0,0,0,0,0,0
C.J. Cron,croncj01,29,MIN,AL,99,411,375,42,97,21,0,20,65,0,0,25,82,178,8,9,0,2,3
Kevin Cron,cronke01,26,ARI,NL,27,64,58,10,12,4,0,5,15,0,1,4,26,31,1,1,0,1,0
Nelson Cruz,cruzne02,38,MIN,AL,90,387,337,62,102,22,0,33,80,0,1,41,103,223,8,7,0,1,2
Noel Cuevas,cuevano01,27,COL,NL,1,2,2,0,0,0,0,0,0,0,0,0,0,0,0,0,0,0,0
Charlie Culberson,culbech01,30,ATL,NL,95,127,120,12,34,5,2,4,19,0,1,5,39,55,5,1,0,1,0
Cheslor Cuthbert,cuthbch01,26,KCR,AL,67,275,261,20,66,11,0,8,31,1,0,12,53,101,12,2,0,0,1
David Dahl*,dahlda01,25,COL,NL,100,413,374,67,113,28,5,15,61,4,4,28,110,196,3,4,2,5,0
Yu Darvish,darviyu01,32,CHC,NL,25,50,45,1,5,0,0,0,3,0,0,1,23,5,0,0,3,1,0
Zach Davies,davieza02,26,MIL,NL,27,44,42,3,6,2,0,0,2,0,0,1,21,8,0,0,1,0,0
Austin Davis*,davisau01,26,PHI,NL,8,0,0,0,0,0,0,0,0,0,0,0,0,0,0,0,0,0,0
Chris Davis*,davisch02,33,BAL,AL,90,300,263,22,47,8,0,9,32,0,0,31,121,82,6,3,0,3,1
J.D. Davis,davisjd01,26,NYM,NL,110,342,309,45,95,16,1,15,44,2,0,29,69,158,11,2,0,2,1
Jonathan Davis,davisjo05,27,TOR,AL,18,52,50,3,7,0,0,1,2,1,1,2,13,10,1,0,0,0,0
Khris Davis,daviskh01,31,OAK,AL,106,424,385,49,84,8,0,18,55,0,0,35,114,146,8,3,0,1,3
Rajai Davis,davisra01,38,NYM,NL,6,10,10,3,3,1,0,1,4,0,0,0,3,7,0,0,0,0,0
Rookie Davis,davisro03,26,PIT,NL,5,1,1,0,0,0,0,0,0,0,0,0,0,0,0,0,0,0,0
Taylor Davis,davista01,29,CHC,NL,7,20,18,2,3,0,0,1,4,0,0,2,4,6,0,0,0,0,0
Wade Davis,daviswa01,33,COL,NL,39,0,0,0,0,0,0,0,0,0,0,0,0,0,0,0,0,0,0
Grant Dayton*,daytogr01,31,ATL,NL,10,0,0,0,0,0,0,0,0,0,0,0,0,0,0,0,0,0,0
Yonathan Daza,dazayo01,25,COL,NL,20,53,51,4,9,0,0,0,1,0,0,2,10,9,2,0,0,0,0
Chase De Jong*,dejonch01,25,MIN,AL,1,0,0,0,0,0,0,0,0,0,0,0,0,0,0,0,0,0,0
Jose De Leon,deleojo03,26,TBR,AL,1,0,0,0,0,0,0,0,0,0,0,0,0,0,0,0,0,0,0
Enyel De Los Santos,delosen01,23,PHI,NL,5,1,1,0,0,0,0,0,0,0,0,0,1,0,0,0,0,0,0
Austin Dean,deanau01,25,MIA,NL,32,88,86,6,18,5,0,2,10,0,0,1,22,29,3,0,0,1,0
Jacob deGrom*,degroja01,31,NYM,NL,24,53,48,2,10,2,0,1,5,0,0,4,15,15,0,0,1,0,0
Paul DeJong,dejonpa01,25,STL,NL,124,519,461,81,114,27,1,23,59,6,5,45,108,212,11,10,0,3,1
Nicky Delmonico*,delmoni01,26,CHW,AL,21,68,63,6,13,2,0,1,6,0,1,4,25,18,1,1,0,0,0
Travis Demeritte,demertr01,24,DET,AL,20,81,71,10,19,3,2,2,5,4,0,9,27,32,1,0,0,1,0
Daniel Descalso*,descada01,32,CHC,NL,73,185,160,19,29,5,1,2,15,2,1,23,52,42,3,0,1,1,0
Anthony DeSclafani,desclan01,29,CIN,NL,23,41,39,0,6,0,0,0,1,0,0,0,16,6,0,0,2,0,0
Delino DeShields,deshide02,26,TEX,AL,91,310,264,32,68,13,3,3,26,20,5,34,79,96,4,3,7,2,0
Ian Desmond,desmoia01,33,COL,NL,112,397,362,53,93,27,3,14,56,3,3,30,99,168,10,2,1,2,1
Ross Detwiler,detwiro01,33,CHW,AL,1,2,2,0,0,0,0,0,0,0,0,0,1,0,0,0,0,0,0
Chris Devenski,devench02,28,HOU,AL,6,0,0,0,0,0,0,0,0,0,0,0,0,0,0,0,0,0,0
Rafael Devers*,deverra01,22,BOS,AL,125,555,511,103,168,47,3,27,102,8,8,39,89,302,6,2,1,2,6
Aledmys Diaz,diazal02,28,HOU,AL,45,153,135,24,36,5,1,7,28,0,0,11,18,64,9,2,0,5,0
Edwin Diaz,diazed04,25,NYM,NL,47,0,0,0,0,0,0,0,0,0,0,0,0,0,0,0,0,0,0
Elias Diaz,diazel01,28,PIT,NL,83,274,251,26,61,13,0,1,23,0,0,21,47,77,9,0,0,2,0
Isan Diaz*,diazis01,23,MIA,NL,16,65,59,5,9,1,0,1,3,0,1,4,21,13,1,1,0,1,0
Jairo Diaz,diazja01,28,COL,NL,39,0,0,0,0,0,0,0,0,0,0,0,0,0,0,0,0,0,0
Miguel Diaz,diazmi02,24,SDP,NL,5,1,1,0,0,0,0,0,0,0,0,0,1,0,0,0,0,0,0
Yandy Diaz,diazya01,27,TBR,AL,78,344,304,53,82,20,1,14,38,2,2,35,60,146,9,1,0,4,1
Phillip Diehl*,diehlph01,24,COL,NL,2,0,0,0,0,0,0,0,0,0,0,0,0,0,0,0,0,0,0
Derek Dietrich*,dietrde01,29,CIN,NL,98,273,222,41,46,7,2,19,43,1,1,26,67,114,2,23,0,1,2
Wilmer Difo#,difowi01,27,WSN,NL,39,134,121,14,28,2,0,2,7,0,1,12,27,36,2,0,1,0,3
Nick Dini,dinini01,25,KCR,AL,5,17,15,4,2,0,0,1,1,0,0,1,4,5,0,0,1,0,0
Brandon Dixon,dixonbr01,27,DET,AL,93,338,316,33,80,15,3,14,44,5,1,16,107,143,4,3,0,3,0
Seranthony Dominguez,dominse01,24,PHI,NL,26,1,1,0,0,0,0,0,0,0,0,0,1,0,0,0,0,0,0
Josh Donaldson,donaljo02,33,ATL,NL,125,528,443,75,117,29,0,29,73,3,2,77,128,233,11,7,0,1,2
Sean Doolittle*,doolise01,32,WSN,NL,53,3,3,0,0,0,0,0,0,0,0,0,2,0,1,0,0,0,0
Kyle Dowdy,dowdyky01,26,TEX,AL,1,0,0,0,0,0,0,0,0,0,0,0,0,0,0,0,0,0,0
Brian Dozier,doziebr01,32,WSN,NL,116,424,367,49,86,19,0,19,45,3,3,52,96,162,9,4,0,1,2
Hunter Dozier,doziehu01,27,KCR,AL,105,445,391,60,112,23,7,22,69,2,1,47,104,215,7,3,0,4,2
Oliver Drake,drakeol01,32,TBR,AL,1,1,1,0,1,0,0,0,1,0,0,0,0,1,0,0,0,0,0
Brandon Drury,drurybr01,26,TOR,AL,100,372,349,37,79,18,1,14,39,0,0,19,94,141,5,1,0,3,0
Mauricio Dubon,dubonma01,24,MIL,NL,2,2,2,0,0,0,0,0,0,0,0,0,1,0,0,0,0,0,0
Lucas Duda*,dudalu01,33,KCR,AL,39,119,105,7,18,4,0,4,15,0,0,11,32,34,3,1,0,2,1
Tyler Duffey,duffety01,28,MIN,AL,3,0,0,0,0,0,0,0,0,0,0,0,0,0,0,0,0,0,0
Danny Duffy*,duffyda01,30,KCR,AL,1,2,2,0,0,0,0,0,0,0,0,0,1,0,0,0,0,0,0
Matt Duffy,duffyma01,28,TBR,AL,24,95,86,6,21,5,0,0,7,0,0,9,15,26,1,0,0,0,0
Steven Duggar*,duggast01,25,SFG,NL,73,281,261,26,61,12,2,4,28,1,4,16,78,89,1,1,0,3,0
Robert Dugger,duggero01,23,MIA,NL,1,2,2,0,0,0,0,0,0,0,0,0,0,0,0,0,0,0,0
Zach Duke*,dukeza01,36,CIN,NL,29,0,0,0,0,0,0,0,0,0,0,0,0,0,0,0,0,0,0
Mike Dunn*,dunnmi01,34,COL,NL,25,0,0,0,0,0,0,0,0,0,0,0,0,0,0,0,0,0,0
Jon Duplantier*,duplajo01,24,ARI,NL,9,6,6,1,0,0,0,0,0,0,0,0,4,0,0,0,0,0,0
Montana DuRapau,durapmo01,27,PIT,NL,13,4,4,0,1,0,0,0,0,0,0,0,2,1,0,0,0,0,0
Adam Duvall,duvalad01,30,ATL,NL,23,84,77,12,19,2,0,6,11,0,0,4,27,39,0,2,0,1,0
Jarrod Dyson*,dysonja01,34,ARI,NL,103,366,328,55,84,9,2,7,24,27,4,36,68,118,1,1,0,1,0
Adam Eaton*,eatonad02,30,WSN,NL,121,545,468,87,136,21,7,11,40,13,3,57,83,204,7,10,7,3,0
Tommy Edman#,edmanto01,24,STL,NL,57,198,189,27,51,8,3,5,20,8,0,8,38,80,1,1,0,0,0
Zach Eflin,eflinza01,25,PHI,NL,24,36,35,1,6,0,0,0,2,0,0,0,20,6,0,0,1,0,0
Jerad Eickhoff,eickhje01,28,PHI,NL,12,19,14,0,0,0,0,0,0,0,0,1,7,0,0,0,4,0,0
Jake Elmore,elmorja01,32,PIT,NL,11,20,20,0,1,0,0,0,0,0,0,0,3,1,0,0,0,0,0
Adam Engel,engelad01,27,CHW,AL,56,141,127,15,27,5,2,2,14,3,1,8,45,42,3,5,1,0,0
Robbie Erlin,erlinro01,28,SDP,NL,27,2,2,0,0,0,0,0,0,0,0,0,0,0,1,0,0,0,0
Phil Ervin,ervinph01,26,CIN,NL,61,145,132,19,43,7,5,3,14,3,2,11,32,69,2,2,0,0,0
Eduardo Escobar#,escobed01,30,ARI,NL,125,553,498,78,135,24,10,28,100,5,1,42,103,263,6,3,0,10,2
Luis Escobar,escoblu01,23,PIT,NL,4,2,2,0,0,0,0,0,0,0,0,0,1,0,0,0,0,0,0
Tom Eshelman,eshelto01,25,BAL,AL,1,2,2,0,0,0,0,0,0,0,0,0,0,0,0,0,0,0,0
Carlos Estevez,estevca01,26,COL,NL,52,0,0,0,0,0,0,0,0,0,0,0,0,0,0,0,0,0,0
Thairo Estrada,estrath01,23,NYY,AL,28,61,57,11,14,3,0,3,11,3,0,3,14,26,1,0,1,0,0
Jeurys Familia,familje01,29,NYM,NL,44,0,0,0,0,0,0,0,0,0,0,0,0,0,0,0,0,0,0
Buck Farmer*,farmebu01,28,DET,AL,5,0,0,0,0,0,0,0,0,0,0,0,0,0,0,0,0,0,0
Kyle Farmer,farmeky01,28,CIN,NL,81,156,146,19,36,5,0,7,24,4,1,6,46,62,1,3,0,1,1
Erick Fedde,feddeer01,26,WSN,NL,16,20,15,1,2,0,0,0,0,0,0,0,6,2,0,0,5,0,0
Tim Federowicz,federti01,31,TEX,AL,28,79,71,6,12,2,0,4,7,1,0,5,28,26,1,0,3,0,0
Michael Feliz,felizmi01,26,PIT,NL,39,0,0,0,0,0,0,0,0,0,0,0,0,0,0,0,0,0,0
Caleb Ferguson,ferguca01,22,LAD,NL,30,1,1,1,1,1,0,0,0,0,0,0,0,2,0,0,0,0,0
Junior Fernandez,fernaju01,22,STL,NL,4,0,0,0,0,0,0,0,0,0,0,0,0,0,0,0,0,0,0
Matt Festa,festama01,26,SEA,AL,2,0,0,0,0,0,0,0,0,0,0,0,0,0,0,0,0,0,0
Jack Flaherty,flaheja01,23,STL,NL,26,45,38,3,5,3,0,0,3,1,1,2,11,8,0,0,5,0,0
David Fletcher,fletcda02,25,LAA,AL,122,507,463,70,133,28,4,5,42,8,3,42,47,184,8,0,1,1,1
Chris Flexen,flexech01,24,NYM,NL,8,2,2,0,1,0,0,0,0,0,0,0,0,1,0,0,0,0,0
Wilmer Flores,florewi01,27,ARI,NL,67,204,189,21,58,12,0,6,22,0,0,11,21,88,7,3,0,1,0
Dylan Floro*,florody01,28,LAD,NL,36,2,2,0,0,0,0,0,0,0,0,0,1,0,0,0,0,0,0
Tyler Flowers,flowety01,33,ATL,NL,67,245,219,26,49,8,3,9,23,0,0,22,83,90,6,3,0,1,3
Brian Flynn*,flynnbr01,29,KCR,AL,1,0,0,0,0,0,0,0,0,0,0,0,0,0,0,0,0,0,0
Mike Foltynewicz,foltymi01,27,ATL,NL,13,25,22,0,1,0,0,0,1,0,0,0,11,1,1,0,3,0,0
Mike Ford*,fordmi01,26,NYY,AL,28,102,88,17,17,2,0,5,9,0,0,11,17,34,0,3,0,0,2
Logan Forsythe,forsylo01,32,TEX,AL,90,328,280,36,65,16,1,7,38,2,0,42,86,104,8,3,0,2,0
Dexter Fowler#,fowlede01,33,STL,NL,116,423,363,47,91,19,1,15,52,7,2,48,104,157,5,8,1,3,1
Jake Fraley*,fraleja01,24,SEA,AL,1,4,3,1,0,0,0,0,0,0,0,0,1,0,0,1,0,0,0
Ty France,francty01,24,SDP,NL,40,123,114,10,25,4,1,2,11,0,1,4,30,37,5,4,0,1,0
Maikel Franco,francma02,26,PHI,NL,102,368,333,41,77,13,0,15,47,0,0,32,49,135,12,0,0,3,17
Adam Frazier*,fraziad01,27,PIT,NL,117,474,432,59,114,25,4,7,33,3,4,32,57,168,2,7,2,1,4
Clint Frazier,frazicl01,24,NYY,AL,53,209,191,25,54,11,0,11,34,1,2,13,59,98,1,2,0,3,1
Todd Frazier,frazito01,33,NYM,NL,103,396,359,46,83,13,2,16,50,1,2,29,89,148,8,8,0,0,0
Kyle Freeland*,freelky01,26,COL,NL,17,30,23,1,2,0,0,0,0,0,0,3,15,2,1,0,4,0,0
Freddie Freeman*,freemfr01,29,ATL,NL,128,570,494,100,150,28,2,34,103,5,3,71,103,284,16,4,0,1,7
Mike Freeman*,freemmi01,31,CLE,AL,50,133,110,18,30,6,0,4,18,1,2,13,35,48,1,3,5,2,0
David Freese,freesda01,36,LAD,NL,66,163,140,32,42,12,0,9,27,0,0,22,38,81,5,1,0,0,0
David Freitas,freitda01,30,SEA,AL,1,4,2,1,0,0,0,0,1,0,0,1,0,0,0,0,0,1,0
Max Fried*,friedma01,25,ATL,NL,30,51,44,11,10,4,0,0,3,0,0,4,10,14,0,0,3,0,0
Jace Fry*,fryja01,25,CHW,AL,6,0,0,0,0,0,0,0,0,0,0,0,0,0,0,0,0,0,0
Paul Fry*,frypa01,26,BAL,AL,2,0,0,0,0,0,0,0,0,0,0,0,0,0,0,0,0,0,0
Josh Fuentes,fuentjo01,26,COL,NL,9,18,18,2,2,0,0,0,0,0,0,0,8,2,0,0,0,0,0
Carson Fulmer,fulmeca01,25,CHW,AL,1,1,1,0,0,0,0,0,0,0,0,0,0,0,0,0,0,0,0
Drew Gagnon,gagnodr01,29,NYM,NL,16,4,3,0,1,0,0,0,0,0,0,0,0,1,1,0,1,0,0
Rocky Gale,galero01,31,LAD,NL,5,15,15,1,2,0,0,0,0,0,0,0,7,2,1,0,0,0,0
Cam Gallagher,gallaca01,26,KCR,AL,45,142,126,14,30,7,0,3,12,0,1,11,28,46,3,3,1,1,0
Giovanny Gallegos,gallegi01,27,STL,NL,47,3,2,0,0,0,0,0,0,0,0,0,1,0,0,0,1,0,0
Joey Gallo*,gallojo01,25,TEX,AL,70,297,241,54,61,15,1,22,49,4,2,52,114,144,0,2,1,1,4
Isaac Galloway,gallois01,29,MIA,NL,19,54,54,6,9,1,0,0,1,2,0,0,17,10,0,0,0,0,0
Ben Gamel*,gamelbe01,27,MIL,NL,109,291,255,39,62,13,0,7,29,2,2,31,86,96,0,3,0,2,2
John Gant,gantjo01,26,STL,NL,48,2,2,0,0,0,0,0,0,0,0,0,2,0,0,0,0,0,0
Aramis Garcia,garciar01,26,SFG,NL,7,20,18,4,3,0,0,2,3,0,0,2,9,9,1,0,0,0,0
Avisail Garcia,garciav01,28,TBR,AL,101,436,399,49,111,19,1,17,57,9,3,28,103,183,13,7,0,2,2
Edgar Garcia,garcied01,22,PHI,NL,26,0,0,0,0,0,0,0,0,0,0,0,0,0,0,0,0,0,0
Greg Garcia*,garcigr01,29,SDP,NL,100,261,224,40,60,12,3,3,27,0,2,31,61,87,3,3,1,2,0
Jarlin Garcia*,garcija04,26,MIA,NL,35,1,1,0,0,0,0,0,0,0,0,0,1,0,0,0,0,0,0
Leury Garcia#,garcile02,28,CHW,AL,115,505,470,79,133,23,3,7,34,15,4,18,113,183,5,5,9,3,0
Luis Garcia,garcilu03,32,LAA,AL,5,0,0,0,0,0,0,0,0,0,0,0,0,0,0,0,0,0,0
Robel Garcia#,garciro02,26,CHC,NL,19,63,59,6,13,2,2,4,8,0,0,3,26,31,2,0,0,1,0
Yimi Garcia,garciyi01,28,LAD,NL,49,2,2,0,0,0,0,0,0,0,0,0,1,0,1,0,0,0,0
Brett Gardner*,gardnbr01,35,NYY,AL,110,422,374,67,94,22,6,17,50,9,2,43,71,179,5,3,0,2,0
Kyle Garlick,garliky01,27,LAD,NL,30,53,48,8,12,4,0,3,6,0,0,5,19,25,0,0,0,0,1
Amir Garrett,garream01,27,CIN,NL,49,0,0,0,0,0,0,0,0,0,0,0,0,0,0,0,0,0,0
Mitch Garver,garvemi01,28,MIN,AL,71,278,247,51,65,11,1,23,52,0,0,26,69,147,5,4,0,1,0
Sam Gaviglio,gavigsa01,29,TOR,AL,1,0,0,0,0,0,0,0,0,0,0,0,0,0,0,0,0,0,0
Cory Gearrin,gearrco01,33,SEA,AL,2,0,0,0,0,0,0,0,0,0,0,0,0,0,0,0,0,0,0
Mike Gerber*,gerbemi01,26,SFG,NL,4,16,15,0,1,1,0,0,0,0,0,1,9,2,0,0,0,0,0
Domingo German,germado01,26,NYY,AL,2,6,6,0,0,0,0,0,0,0,0,0,5,0,1,0,0,0,0
Kyle Gibson,gibsoky01,31,MIN,AL,2,4,1,0,0,0,0,0,0,0,0,1,1,0,0,0,2,0,0
Ken Giles,gileske01,28,TOR,AL,4,0,0,0,0,0,0,0,0,0,0,0,0,0,0,0,0,0,0
Kevin Ginkel*,ginkeke01,25,ARI,NL,9,0,0,0,0,0,0,0,0,0,0,0,0,0,0,0,0,0,0
Lucas Giolito,giolilu01,24,CHW,AL,1,2,2,0,0,0,0,0,0,0,0,0,2,0,0,0,0,0,0
Mychal Givens,givenmy01,29,BAL,AL,2,0,0,0,0,0,0,0,0,0,0,0,0,0,0,0,0,0,0
Tyler Glasnow*,glasnty01,25,TBR,AL,1,2,2,0,0,0,0,0,0,0,0,0,1,0,0,0,0,0,0
Ryan Goins*,goinsry01,31,CHW,AL,34,128,112,10,30,5,1,2,10,0,1,14,36,43,6,1,1,0,1
Paul Goldschmidt,goldspa01,31,STL,NL,126,531,473,76,122,15,0,28,68,1,1,52,133,221,8,2,0,2,1
Yan Gomes,gomesya01,31,WSN,NL,74,269,232,26,50,11,0,6,28,1,0,33,60,79,5,4,0,0,4
Carlos Gomez,gomezca01,33,NYM,NL,34,99,86,10,17,3,0,3,10,4,1,7,30,29,3,3,2,1,0
Tony Gonsolin,gonsoto01,25,LAD,NL,4,8,7,0,1,0,0,0,0,0,0,0,3,1,0,0,1,0,0
Marco Gonzales*,gonzama02,27,SEA,AL,1,3,2,0,0,0,0,0,0,0,0,0,2,0,0,0,1,0,0
Chi Chi Gonzalez,gonzach01,27,COL,NL,6,12,12,0,0,0,0,0,0,0,0,0,9,0,0,0,0,0,0
Erik Gonzalez,gonzaer01,27,PIT,NL,28,85,75,4,15,2,1,0,2,4,0,7,22,19,3,0,3,0,3
Gio Gonzalez,gonzagi01,33,MIL,NL,11,19,16,0,0,0,0,0,0,0,0,1,12,0,0,0,2,0,0
Marwin Gonzalez#,gonzama01,30,MIN,AL,104,422,385,47,102,18,0,14,47,1,0,30,87,162,6,6,0,1,2
Niko Goodrum#,goodrni01,27,DET,AL,111,470,422,61,105,27,5,12,45,12,3,45,138,178,7,1,0,2,1
Brian Goodwin*,goodwbr01,28,LAA,AL,105,342,309,52,88,25,2,12,36,4,2,27,92,153,1,2,1,3,2
Nick Goody,goodyni01,27,CLE,AL,2,0,0,0,0,0,0,0,0,0,0,0,0,0,0,0,0,0,0
Alex Gordon*,gordoal01,35,KCR,AL,120,513,454,66,119,27,1,12,63,5,2,39,82,184,10,13,1,6,3
Dee Gordon*,gordode01,31,SEA,AL,88,326,304,31,84,9,4,3,27,18,4,13,48,110,6,1,3,5,0
Terrance Gore,gorete01,28,KCR,AL,37,58,51,13,14,2,1,0,1,13,5,6,18,18,0,1,0,0,0
Phil Gosselin,gosseph01,30,PHI,NL,32,50,49,3,12,3,0,0,6,0,0,1,10,15,1,0,0,0,0
Trevor Gott,gotttr01,26,SFG,NL,47,1,1,0,0,0,0,0,0,0,0,0,0,0,0,0,0,0,0
Matt Grace*,gracema02,30,WSN,NL,49,3,3,0,0,0,0,0,0,0,0,0,3,0,0,0,0,0,0
Yasmani Grandal#,grandya01,30,MIL,NL,119,484,398,56,101,20,2,20,61,5,1,76,100,185,12,5,0,5,2
Curtis Granderson*,grandcu01,38,MIA,NL,109,324,284,41,53,17,1,11,32,0,3,35,88,105,3,3,0,2,1
Juan Graterol,grateju01,30,CIN,NL,5,17,17,1,3,0,0,0,1,0,0,0,4,3,0,0,0,0,0
Jon Gray,grayjo02,27,COL,NL,27,59,47,1,3,0,0,0,1,0,0,3,22,3,2,0,9,0,0
Sonny Gray,grayso01,29,CIN,NL,27,50,37,2,6,0,1,0,3,0,0,2,15,8,0,0,11,0,0
Chad Green*,greench03,28,NYY,AL,1,1,1,0,0,0,0,0,0,0,0,0,1,0,0,0,0,0,0
Zach Green,greenza01,25,SFG,NL,8,16,14,1,2,1,0,0,1,0,0,2,6,3,2,0,0,0,0
Luke Gregerson*,gregelu01,35,STL,NL,6,0,0,0,0,0,0,0,0,0,0,0,0,0,0,0,0,0,0
Didi Gregorius*,gregodi01,29,NYY,AL,56,239,227,35,60,10,1,11,39,1,1,10,35,105,4,0,0,2,0
Grayson Greiner,greingr01,26,DET,AL,43,169,154,13,25,3,0,5,14,0,0,13,57,43,2,1,0,1,0
Randal Grichuk,grichra01,27,TOR,AL,121,503,466,60,111,21,3,23,58,2,1,32,135,207,14,4,0,1,0
Trent Grisham*,grishtr01,22,MIL,NL,16,60,53,8,12,2,0,3,10,0,1,4,14,23,2,1,0,2,0
Robbie Grossman#,grossro01,29,OAK,AL,109,398,343,48,87,19,2,6,34,8,4,52,69,128,6,1,0,2,1
Robert Gsellman,gsellro01,25,NYM,NL,50,1,0,0,0,0,0,0,0,0,0,1,0,0,0,0,0,0,0
Deolis Guerra,guerrde01,30,MIL,NL,1,0,0,0,0,0,0,0,0,0,0,0,0,0,0,0,0,0,0
Junior Guerra,guerrju02,34,MIL,NL,50,3,3,0,1,0,0,0,0,0,0,0,2,1,0,0,0,0,0
Tayron Guerrero,guerrta01,28,MIA,NL,40,0,0,0,0,0,0,0,0,0,0,0,0,0,0,0,0,0,0
Vladimir Guerrero Jr.,guerrvl02,20,TOR,AL,96,396,354,47,100,22,1,15,55,0,1,40,67,169,14,1,0,1,0
Taylor Guerrieri,guerrta02,26,TEX,AL,1,0,0,0,0,0,0,0,0,0,0,0,0,0,0,0,0,0,0
Luis Guillorme*,guilllu01,24,NYM,NL,30,46,43,6,9,2,0,1,3,0,0,3,11,14,2,0,0,0,0
Lourdes Gurriel Jr.,gurrilo01,25,TOR,AL,79,321,294,50,82,18,2,19,47,6,4,20,79,161,4,4,1,2,0
Yuli Gurriel,gourryu01,35,HOU,AL,119,511,474,70,144,34,2,25,89,4,3,28,54,257,8,3,0,6,2
Jandel Gustave,gustaja01,26,SFG,NL,10,1,1,0,0,0,0,0,0,0,0,0,1,0,0,0,0,0,0
Kelvin Gutierrez,gutieke01,24,KCR,AL,20,79,73,4,19,2,1,1,11,1,0,5,24,26,2,0,0,1,0
Ronald Guzman*,guzmaro01,24,TEX,AL,68,227,197,25,38,16,0,8,29,1,2,25,65,78,6,1,0,4,1
Eric Haase,haaseer01,26,CLE,AL,2,7,6,0,0,0,0,0,0,0,0,1,4,0,0,0,0,0,0
Josh Hader*,haderjo01,25,MIL,NL,40,2,2,0,0,0,0,0,0,0,0,0,1,0,0,0,0,0,0
Cole Hamels*,hamelco01,35,CHC,NL,18,36,32,1,3,0,0,0,4,0,0,1,10,3,2,1,1,1,0
J.D. Hammer,hammejd01,24,PHI,NL,20,1,1,0,0,0,0,0,0,0,0,0,0,0,0,0,0,0,0
Garrett Hampson,hampsga01,24,COL,NL,72,208,190,23,41,7,3,2,15,5,3,15,64,60,1,0,2,1,1
Brad Hand*,handbr01,29,CLE,AL,2,0,0,0,0,0,0,0,0,0,0,0,0,0,0,0,0,0,0
Mitch Haniger,hanigmi01,28,SEA,AL,63,283,246,46,54,13,1,15,32,4,0,30,81,114,3,5,0,2,1
Alen Hanson#,hansoal01,26,TOR,AL,18,48,43,5,7,0,0,0,4,1,0,3,17,7,0,1,0,1,1
Ian Happ#,happia01,24,CHC,NL,25,70,60,13,15,2,1,4,11,1,0,10,18,31,0,0,0,0,0
J.A. Happ*,happja01,36,NYY,AL,2,4,3,1,0,0,0,0,0,0,0,0,0,0,0,0,1,0,0
Blaine Hardy*,hardybl01,32,DET,AL,3,0,0,0,0,0,0,0,0,0,0,0,0,0,0,0,0,0,0
Bryce Harper*,harpebr03,26,PHI,NL,125,552,461,77,117,31,0,27,92,7,3,85,146,229,7,4,0,2,9
Ryne Harper,harpery01,30,MIN,AL,5,0,0,0,0,0,0,0,0,0,0,0,0,0,0,0,0,0,0
Will Harris,harriwi10,34,HOU,AL,4,0,0,0,0,0,0,0,0,0,0,0,0,0,0,0,0,0,0
Josh Harrison,harrijo05,31,DET,AL,36,146,136,10,24,7,1,1,8,4,2,6,26,36,0,2,0,2,0
Geoff Hartlieb,hartlge01,25,PIT,NL,19,0,0,0,0,0,0,0,0,0,0,0,0,0,0,0,0,0,0
Joe Harvey,harvejo01,27,NYY,AL,1,0,0,0,0,0,0,0,0,0,0,0,0,0,0,0,0,0,0
Adam Haseley*,haselad01,23,PHI,NL,33,117,108,16,26,6,0,3,13,2,0,6,30,41,3,3,0,0,0
Ryon Healy,healyry01,27,SEA,AL,47,187,169,24,40,16,0,7,26,0,0,13,40,77,1,1,0,4,0
Austin Hedges,hedgeau01,26,SDP,NL,77,270,247,20,48,9,0,9,31,1,0,15,87,84,3,5,2,1,1
Scott Heineman,heinesc01,26,TEX,AL,8,27,24,0,4,2,0,0,2,0,1,2,6,6,1,1,0,0,0
Jeremy Hellickson,hellije01,32,WSN,NL,9,13,9,3,1,0,0,0,0,0,0,2,4,1,0,0,2,0,0
Ryan Helsley,helslry01,24,STL,NL,12,1,1,0,1,0,0,0,0,0,0,0,0,1,0,0,0,0,0
Kyle Hendricks,hendrky01,29,CHC,NL,23,48,41,1,7,1,0,0,4,0,0,2,23,8,1,1,4,0,0
Liam Hendriks,hendrli01,30,OAK,AL,5,0,0,0,0,0,0,0,0,0,0,0,0,0,0,0,0,0,0
Guillermo Heredia,heredgu01,28,TBR,AL,74,204,178,26,40,10,0,4,17,2,1,17,49,62,4,6,2,1,0
Jimmy Herget,hergeji01,25,CIN,NL,3,0,0,0,0,0,0,0,0,0,0,0,0,0,0,0,0,0,0
Michael Hermosillo,hermomi01,24,LAA,AL,1,4,3,1,0,0,0,0,0,0,0,1,2,0,0,0,0,0,0
Cesar Hernandez#,hernace02,29,PHI,NL,125,509,469,55,133,24,3,8,53,7,2,30,73,187,8,6,0,4,3
David Hernandez,hernada01,34,CIN,NL,44,0,0,0,0,0,0,0,0,0,0,0,0,0,0,0,0,0,0
Elieser Hernandez,hernael01,24,MIA,NL,15,16,14,0,1,0,0,0,0,0,0,1,8,1,0,0,1,0,0
Enrique Hernandez,hernaen02,27,LAD,NL,101,366,328,44,78,12,1,16,53,2,0,29,80,140,2,6,0,3,2
Felix Hernandez,hernafe02,33,SEA,AL,1,2,2,0,0,0,0,0,0,0,0,0,1,0,0,0,0,0,0
Marco Hernandez*,hernama02,26,BOS,AL,35,84,79,14,25,5,0,2,8,1,2,2,17,36,1,2,1,0,0
Teoscar Hernandez,hernate01,26,TOR,AL,98,360,324,46,71,13,1,19,47,4,2,34,113,143,5,1,0,1,1
Kelvin Herrera,herreke01,29,CHW,AL,1,0,0,0,0,0,0,0,0,0,0,0,0,0,0,0,0,0,0
Odubel Herrera*,herreod01,27,PHI,NL,39,139,126,12,28,10,1,1,16,2,2,11,33,43,0,1,0,1,0
Rosell Herrera#,herrero02,26,MIA,NL,63,119,105,10,21,6,0,2,11,4,1,11,27,33,2,2,1,0,1
Chris Herrmann*,herrmch01,31,OAK,AL,25,83,74,9,15,3,0,1,8,0,0,8,27,21,4,0,1,0,0
David Hess,hessda01,25,BAL,AL,2,4,3,0,0,0,0,0,0,0,0,0,1,0,0,0,1,0,0
Jason Heyward*,heywaja01,29,CHC,NL,118,473,417,62,111,15,4,18,49,7,2,51,90,188,10,3,0,2,5
Aaron Hicks#,hicksaa01,29,NYY,AL,59,255,221,41,52,10,0,12,36,1,2,31,72,98,2,0,0,3,0
John Hicks,hicksjo02,29,DET,AL,78,281,268,23,55,12,0,10,23,1,0,12,90,97,7,0,0,1,0
Jordan Hicks,hicksjo03,22,STL,NL,28,0,0,0,0,0,0,0,0,0,0,0,0,0,0,0,0,0,0
Kyle Higashioka,higasky01,29,NYY,AL,10,40,39,7,10,4,0,3,9,0,0,0,18,23,1,0,0,1,0
Trevor Hildenberger,hildetr01,28,MIN,AL,4,0,0,0,0,0,0,0,0,0,0,0,0,0,0,0,0,0,0
Rich Hill*,hillri01,39,LAD,NL,9,17,15,0,2,0,0,0,1,0,0,1,7,2,0,0,1,0,0
Tim Hill,hillti01,29,KCR,AL,2,0,0,0,0,0,0,0,0,0,0,0,0,0,0,0,0,0,0
Yoshihisa Hirano,hiranyo01,35,ARI,NL,49,0,0,0,0,0,0,0,0,0,0,0,0,0,0,0,0,0,0
Keston Hiura,hiurake01,22,MIL,NL,63,266,240,39,74,18,2,14,37,8,3,20,81,138,2,6,0,0,1
Jeff Hoffman,hoffmje02,26,COL,NL,11,15,14,1,3,0,0,0,1,0,0,0,7,3,0,0,1,0,0
Bryan Holaday,holadbr01,31,MIA,NL,31,98,86,9,25,4,0,3,9,0,1,10,13,38,5,1,1,0,2
Jonathan Holder,holdejo02,26,NYY,AL,2,0,0,0,0,0,0,0,0,0,0,0,0,0,0,0,0,0,0
Greg Holland,hollagr01,33,ARI,NL,39,0,0,0,0,0,0,0,0,0,0,0,0,0,0,0,0,0,0
Clay Holmes,holmecl01,26,PIT,NL,23,4,4,0,0,0,0,0,0,0,0,0,3,0,0,0,0,0,0
Brock Holt*,holtbr01,31,BOS,AL,59,186,160,26,51,10,2,2,23,1,0,19,32,71,2,3,0,4,0
Rhys Hoskins,hoskirh01,26,PHI,NL,125,550,440,66,105,25,4,24,70,1,2,96,126,210,6,8,0,4,5
Eric Hosmer*,hosmeer01,29,SDP,NL,125,531,491,63,140,24,1,18,82,0,2,34,111,220,10,2,0,4,3
Adrian Houser,housead01,26,MIL,NL,25,19,16,0,1,1,0,0,0,0,0,1,11,2,0,0,2,0,0
Sam Howard,howarsa01,26,COL,NL,5,0,0,0,0,0,0,0,0,0,0,0,0,0,0,0,0,0,0
Dakota Hudson,hudsoda02,24,STL,NL,23,44,37,0,2,0,0,0,0,0,0,0,18,2,1,1,6,0,0
Nick Hundley,hundlni01,35,OAK,AL,31,73,70,5,14,3,1,2,5,0,1,2,18,25,7,1,0,0,0
Tommy Hunter,hunteto02,32,PHI,NL,5,0,0,0,0,0,0,0,0,0,0,0,0,0,0,0,0,0,0
Chris Iannetta,iannech01,36,COL,NL,52,164,144,20,32,10,0,6,21,0,0,18,54,60,9,1,0,1,3
Jose Iglesias,iglesjo01,29,CIN,NL,115,418,397,52,117,18,3,9,48,5,5,15,57,168,12,3,1,2,3
Raisel Iglesias,iglesra01,29,CIN,NL,48,2,2,0,0,0,0,0,0,0,0,0,1,0,0,0,0,0,0
Ender Inciarte*,inciaen01,28,ATL,NL,65,230,199,30,49,11,2,5,24,7,1,26,41,79,1,4,0,1,2
Cole Irvin*,irvinco01,25,PHI,NL,7,8,6,1,1,0,0,0,0,0,0,2,2,1,0,0,0,0,0
Alex Jackson,jacksal02,23,ATL,NL,3,11,10,0,0,0,0,0,0,0,0,1,3,0,1,0,0,0,1
Drew Jackson,jacksdr01,25,BAL,AL,3,4,3,0,0,0,0,0,0,0,0,1,1,0,0,0,0,0,0
Jay Jackson,jacksja01,31,MIL,NL,11,1,1,0,0,0,0,0,0,0,0,0,1,0,0,0,0,0,0
Luke Jackson,jackslu01,27,ATL,NL,55,0,0,0,0,0,0,0,0,0,0,0,0,0,0,0,0,0,0
Josh James,jamesjo02,26,HOU,AL,2,0,0,0,0,0,0,0,0,0,0,0,0,0,0,0,0,0,0
Travis Jankowski*,jankotr01,28,SDP,NL,5,5,5,0,0,0,0,0,0,0,0,0,2,0,0,0,0,0,0
Danny Jansen,janseda01,24,TOR,AL,95,336,304,34,64,12,1,12,42,0,0,26,70,114,7,4,1,1,0
Kenley Jansen#,janseke01,31,LAD,NL,46,1,1,0,0,0,0,0,0,0,0,0,1,0,0,0,0,0,0
Jon Jay*,jayjo02,34,CHW,AL,43,170,155,11,41,8,0,0,9,0,0,7,28,49,1,2,5,1,0
Jeremy Jeffress,jeffrje01,31,MIL,NL,44,1,1,0,0,0,0,0,0,0,0,0,1,0,0,0,0,0,0
Dan Jennings*,jennida01,32,WSN,NL,8,0,0,0,0,0,0,0,0,0,0,0,0,0,0,0,0,0,0
Williams Jerez*,jerezwi01,27,SFG,NL,6,0,0,0,0,0,0,0,0,0,0,0,0,0,0,0,0,0,0
Jake Jewell,jewelja01,26,LAA,AL,4,0,0,0,0,0,0,0,0,0,0,0,0,0,0,0,0,0,0
Eloy Jimenez,jimenel02,22,CHW,AL,91,368,340,47,82,10,1,22,52,0,0,24,98,160,8,2,0,2,0
Joe Jimenez,jimenjo02,24,DET,AL,5,0,0,0,0,0,0,0,0,0,0,0,0,0,0,0,0,0,0
Connor Joe,joeco01,26,SFG,NL,8,16,15,1,1,0,0,0,0,0,0,1,5,1,1,0,0,0,0
Brian Johnson*,johnsbr02,28,BOS,AL,2,0,0,1,0,0,0,0,0,0,0,0,0,0,0,0,0,0,0
DJ Johnson*,johnsdj01,29,COL,NL,15,0,0,0,0,0,0,0,0,0,0,0,0,0,0,0,0,0,0
Adam Jones,jonesad01,33,ARI,NL,115,449,415,61,112,23,1,14,57,2,1,23,82,179,14,7,0,3,2
JaCoby Jones,jonesja07,27,DET,AL,88,333,298,39,70,19,3,11,26,7,2,27,94,128,6,6,1,1,2
Caleb Joseph,josepca01,33,ARI,NL,13,31,28,4,4,2,0,0,2,0,0,1,8,6,0,1,1,0,0
Corban Joseph*,josepco01,30,OAK,AL,7,27,26,3,5,0,0,1,2,0,0,0,4,8,1,0,0,1,0
Matthew Joyce*,joycema01,34,ATL,NL,98,145,125,18,34,8,0,4,16,0,0,20,29,54,2,0,0,0,0
Aaron Judge,judgeaa01,27,NYY,AL,72,319,265,49,70,13,0,13,34,2,1,50,97,122,9,2,0,1,4
Jakob Junis,junisja01,26,KCR,AL,1,2,2,0,0,0,0,0,0,0,0,0,0,0,0,0,0,0,0
Ariel Jurado,juradar01,23,TEX,AL,2,1,1,0,0,0,0,0,0,0,0,0,1,0,0,0,0,0,0
Tommy Kahnle,kahnlto01,29,NYY,AL,4,0,0,0,0,0,0,0,0,0,0,0,0,0,0,0,0,0,0
Jung Ho Kang,kangju01,32,PIT,NL,65,185,172,15,29,7,1,10,24,0,0,11,60,68,4,1,0,1,0
Keone Kela,kelake01,26,PIT,NL,18,0,0,0,0,0,0,0,0,0,0,0,0,0,0,0,0,0,0
Brad Keller,kellebr01,23,KCR,AL,3,10,8,0,1,0,0,0,1,0,0,1,5,1,0,0,1,0,0
Mitch Keller,kellemi03,23,PIT,NL,4,4,4,0,0,0,0,0,0,0,0,0,1,0,1,0,0,0,0
Shawn Kelley,kellesh01,35,TEX,AL,3,0,0,0,0,0,0,0,0,0,0,0,0,0,0,0,0,0,0
Carson Kelly,kellyca02,24,ARI,NL,89,292,253,36,65,17,0,18,43,0,0,36,57,136,10,2,0,1,9
Joe Kelly,kellyjo05,31,LAD,NL,43,3,2,0,0,0,0,0,0,0,0,0,2,0,0,0,1,0,0
Merrill Kelly,kellyme01,30,ARI,NL,23,47,41,3,1,0,0,0,2,0,0,2,19,1,2,0,4,0,0
Matt Kemp,kempma01,34,CIN,NL,20,62,60,4,12,2,0,1,5,0,0,1,19,17,2,0,0,1,0
Howie Kendrick,kendrho01,35,WSN,NL,93,290,260,46,84,19,0,14,53,2,1,22,40,145,9,3,0,5,1
Ian Kennedy,kenneia01,34,KCR,AL,3,0,0,0,0,0,0,0,0,0,0,0,0,0,0,0,0,0,0
Max Kepler*,keplema01,26,MIN,AL,117,530,468,87,119,28,0,34,84,1,5,53,85,249,5,5,0,4,0
Clayton Kershaw*,kershcl01,31,LAD,NL,21,52,39,1,4,1,0,0,1,0,0,1,11,5,0,0,12,0,0
Dallas Keuchel*,keuchda01,31,ATL,NL,12,26,24,0,3,1,0,0,0,0,0,1,17,4,0,0,1,0,0
Carter Kieboom,kieboca01,21,WSN,NL,11,43,39,4,5,0,0,2,2,0,0,4,16,11,0,0,0,0,1
Kevin Kiermaier*,kiermke01,29,TBR,AL,106,406,381,51,93,17,7,13,51,19,4,22,85,163,7,1,1,1,2
Craig Kimbrel,kimbrcr01,31,CHC,NL,16,0,0,0,0,0,0,0,0,0,0,0,0,0,0,0,0,0,0
Isiah Kiner-Falefa,kineris01,24,TEX,AL,51,166,148,19,34,9,1,1,16,2,0,13,41,48,6,3,1,1,0
Scott Kingery,kingesc01,25,PHI,NL,93,375,343,49,92,28,2,14,37,10,3,26,108,166,3,5,0,1,0
Tyler Kinley,kinlety01,28,MIA,NL,31,0,0,0,0,0,0,0,0,0,0,0,0,0,0,0,0,0,0
Ian Kinsler,kinslia01,37,SDP,NL,87,281,258,28,56,12,0,9,22,2,4,19,54,95,5,3,0,1,0
Brandon Kintzler,kintzbr01,34,CHC,NL,48,0,0,0,0,0,0,0,0,0,0,0,0,0,0,0,0,0,0
Jason Kipnis*,kipnija01,32,CLE,AL,104,443,395,42,100,21,1,13,58,6,1,36,75,162,6,1,5,6,2
Andrew Kittredge,kittran01,29,TBR,AL,1,0,0,0,0,0,0,0,0,0,0,0,0,0,0,0,0,0,0
Branden Kline,klinebr01,27,BAL,AL,3,0,0,0,0,0,0,0,0,0,0,0,0,0,0,0,0,0,0
Corey Kluber,klubeco01,33,CLE,AL,1,1,1,0,0,0,0,0,0,0,0,0,1,0,0,0,0,0,0
Andrew Knapp#,knappan01,27,PHI,NL,60,119,99,10,19,4,0,1,4,0,0,15,37,26,2,3,2,0,1
Andrew Knizner,kniznan01,24,STL,NL,13,46,42,5,8,2,0,1,4,2,0,3,11,13,2,1,0,0,0
Matt Koch*,kochma01,28,ARI,NL,9,6,6,0,0,0,0,0,0,0,0,0,5,0,0,0,0,0,0
Kevin Kramer*,krameke01,25,PIT,NL,1,1,0,1,0,0,0,0,0,0,0,1,0,0,0,0,0,0,0
Joel Kuhnel,kuhnejo01,24,CIN,NL,2,1,1,0,0,0,0,0,0,0,0,0,0,0,0,0,0,0,0
Tommy La Stella*,lasteto01,30,LAA,AL,78,312,283,49,85,7,0,16,44,0,0,20,27,140,8,3,0,0,0
Juan Lagares,lagarju01,30,NYM,NL,104,222,199,28,43,9,1,2,19,3,1,18,62,60,5,2,2,1,3
Jake Lamb*,lambja01,28,ARI,NL,50,156,128,23,27,6,1,5,19,0,0,23,38,50,3,4,0,1,1
Peter Lambert,lambepe01,22,COL,NL,12,23,20,2,7,0,0,0,2,0,0,2,6,7,1,0,1,0,0
Dinelson Lamet,lametdi01,26,SDP,NL,7,13,12,1,1,0,0,0,0,0,0,0,7,1,0,0,1,0,0
Eric Lauer,lauerer01,24,SDP,NL,23,38,30,1,3,2,0,0,0,0,0,1,21,5,0,0,6,0,0
Ramon Laureano,laurera01,24,OAK,AL,107,419,380,67,108,26,0,21,58,12,2,22,113,197,6,10,0,7,0
Ryan Lavarnway,lavarry01,31,CIN,NL,5,19,18,4,5,2,0,2,7,0,0,1,5,13,0,0,0,0,0
Derek Law,lawde01,28,TOR,AL,3,0,0,0,0,0,0,0,0,0,0,0,0,0,0,0,0,0,0
Wade LeBlanc*,leblawa01,34,SEA,AL,1,2,0,0,0,0,0,0,0,0,0,1,0,0,0,0,1,0,0
Jose Leclerc,leclejo01,25,TEX,AL,5,0,0,0,0,0,0,0,0,0,0,0,0,0,0,0,0,0,0
DJ LeMahieu,lemahdj01,30,NYY,AL,115,517,474,87,157,27,2,21,86,4,2,36,71,251,11,2,1,4,0
Sandy Leon#,leonsa01,30,BOS,AL,52,158,142,12,27,2,0,5,16,0,0,11,39,44,0,1,3,1,0
Dominic Leone,leonedo01,27,STL,NL,28,0,0,0,0,0,0,0,0,0,0,0,0,0,0,0,0,0,0
Jon Lester*,lestejo01,35,CHC,NL,21,40,36,4,7,1,0,1,5,0,0,4,15,11,1,0,0,0,0
Domingo Leyba#,leybado01,23,ARI,NL,10,10,9,1,3,1,0,0,1,0,0,1,4,4,0,0,0,0,0
Tzu-Wei Lin*,lintz02,25,BOS,AL,13,22,20,3,4,2,0,0,1,1,1,2,6,6,0,0,0,0,0
Francisco Lindor#,lindofr01,25,CLE,AL,109,499,454,74,135,31,2,21,53,18,3,37,74,233,8,3,1,4,6
Francisco Liriano*,liriafr01,35,PIT,NL,55,2,1,0,1,0,0,0,0,0,0,1,0,1,0,0,0,0,0
Zack Littell,litteza01,23,MIN,AL,1,0,0,0,0,0,0,0,0,0,0,0,0,0,0,0,0,0,0
Tim Locastro,locasti01,26,ARI,NL,68,188,159,27,40,8,2,1,15,11,0,11,27,55,0,16,1,1,0
Walker Lockett,lockewa01,25,NYM,NL,4,7,6,0,1,0,0,0,0,0,0,1,4,1,0,0,0,0,0
Shed Long*,longsh01,23,SEA,AL,19,79,69,9,16,7,0,1,5,3,1,10,20,26,1,0,0,0,0
Evan Longoria,longoev01,33,SFG,NL,98,374,338,48,86,16,2,16,51,2,1,31,80,154,10,3,0,2,0
Tim Lopes,lopesti01,25,SEA,AL,16,54,47,6,13,2,0,1,10,3,1,5,8,18,1,1,0,1,0
Jorge Lopez,lopezjo02,26,KCR,AL,2,0,0,0,0,0,0,0,0,0,0,0,0,0,0,0,0,0,0
Nicky Lopez*,lopezni01,24,KCR,AL,81,325,305,34,70,15,1,2,20,1,1,15,42,93,5,1,4,0,0
Pablo Lopez*,lopezpa01,23,MIA,NL,14,26,25,1,5,1,0,0,3,0,0,0,13,6,0,0,1,0,0
Reynaldo Lopez,lopezre01,25,CHW,AL,2,4,4,0,0,0,0,0,0,0,0,0,3,0,0,0,0,0,0
Yoan Lopez,lopezyo01,26,ARI,NL,52,0,0,0,0,0,0,0,0,0,0,0,0,0,0,0,0,0,0
Michael Lorenzen,lorenmi01,27,CIN,NL,75,15,14,5,5,1,0,0,2,3,0,1,6,6,1,0,0,0,0
Aaron Loup*,loupaa01,31,SDP,NL,4,0,0,0,0,0,0,0,0,0,0,0,0,0,0,0,0,0,0
Richard Lovelady*,lovelri01,23,KCR,AL,1,0,0,0,0,0,0,0,0,0,0,0,0,0,0,0,0,0,0
Brandon Lowe*,lowebr01,24,TBR,AL,76,307,279,40,77,17,2,16,49,5,0,22,104,146,1,5,0,1,0
Nate Lowe*,lowena01,23,TBR,AL,30,115,102,17,30,7,0,5,13,0,0,10,29,52,3,2,0,1,0
Josh Lucas,lucasjo02,28,BAL,AL,1,0,0,0,0,0,0,0,0,0,0,0,0,0,0,0,0,0,0
Joey Lucchesi*,lucchjo01,26,SDP,NL,22,44,39,0,3,0,0,0,1,0,0,1,29,3,0,0,4,0,0
Elvis Luciano,luciael01,19,TOR,AL,1,1,1,0,0,0,0,0,0,0,0,0,1,0,0,0,0,0,0
Dawel Lugo,lugoda01,24,DET,AL,45,159,149,8,30,2,3,1,13,0,0,4,34,41,4,3,0,3,0
Seth Lugo,lugose01,29,NYM,NL,44,0,0,0,0,0,0,0,0,0,0,0,0,0,0,0,0,0,0
Jordan Luplow,luplojo01,25,CLE,AL,69,216,192,31,52,13,0,11,29,3,2,22,53,98,5,1,0,1,0
Lance Lynn#,lynnla01,32,TEX,AL,1,2,2,0,0,0,0,0,0,0,0,0,2,0,0,0,0,0,0
Tyler Lyons*,lyonsty01,31,PIT,NL,3,1,1,0,0,0,0,0,0,0,0,0,0,0,0,0,0,0,0
Manny Machado,machama01,26,SDP,NL,122,527,474,67,126,17,1,26,71,4,2,46,105,223,18,4,0,3,2
Kenta Maeda,maedake01,31,LAD,NL,27,52,42,3,11,2,0,0,4,0,0,0,11,13,0,0,10,0,0
Tyler Mahle,mahlety01,24,CIN,NL,19,34,29,4,3,1,0,0,0,0,0,1,15,4,0,0,4,0,0
Mikie Mahtook,mahtomi01,29,DET,AL,9,25,23,0,0,0,0,0,0,0,0,2,11,0,0,0,0,0,0
Luke Maile,mailelu01,28,TOR,AL,41,120,111,9,17,2,1,2,9,1,0,7,29,27,1,0,2,0,0
Trey Mancini,mancitr01,27,BAL,AL,122,533,477,83,130,29,2,29,74,1,0,48,113,250,15,5,0,3,2
Dillon Maples,mapledi01,27,CHC,NL,9,0,0,0,0,0,0,0,0,0,0,0,0,0,0,0,0,0,0
Nick Margevicius*,margeni01,23,SDP,NL,12,17,15,1,3,0,0,0,0,0,0,0,7,3,0,0,2,0,0
Manuel Margot,margoma01,24,SDP,NL,116,339,303,52,73,17,1,10,28,17,1,33,64,122,5,1,2,0,1
Jake Marisnick,marisja01,28,HOU,AL,96,259,237,40,57,16,2,9,28,10,2,13,77,104,5,6,3,0,0
Nick Markakis*,markani01,35,ATL,NL,104,416,366,57,104,22,2,9,55,2,0,43,53,157,9,2,0,5,1
German Marquez,marquge01,24,COL,NL,25,58,48,5,11,4,1,0,11,0,0,0,14,17,1,0,10,0,0
Deven Marrero,marrede01,28,MIA,NL,5,5,5,0,0,0,0,0,0,0,0,0,3,0,0,0,0,0,0
Evan Marshall,marshev01,29,CHW,AL,5,0,0,0,0,0,0,0,0,0,0,0,0,0,0,0,0,0,0
Ketel Marte#,marteke01,25,ARI,NL,121,538,486,85,155,27,8,27,75,8,2,46,76,279,7,4,0,2,2
Starling Marte,martest01,30,PIT,NL,116,521,482,85,139,26,5,22,73,24,4,20,82,241,15,13,2,4,0
Brett Martin*,martibr01,24,TEX,AL,4,0,0,0,0,0,0,0,0,0,0,0,0,0,0,0,0,0,0
Jason Martin*,martija03,23,PIT,NL,19,39,36,4,9,2,0,0,2,2,0,3,10,11,0,0,0,0,0
Leonys Martin*,martile01,31,CLE,AL,65,264,236,32,47,7,0,9,19,4,5,21,78,81,1,4,3,0,0
Richie Martin,martiri01,24,BAL,AL,99,266,243,24,48,6,3,4,13,7,1,14,75,72,6,5,4,0,0
Russell Martin,martiru01,36,LAD,NL,68,208,174,24,36,4,0,4,15,0,0,25,46,52,1,7,0,2,3
Carlos Martinez,martica04,27,STL,NL,27,0,0,0,0,0,0,0,0,0,0,0,0,0,0,0,0,0,0
J.D. Martinez,martijd02,31,BOS,AL,117,530,467,78,144,28,2,28,75,1,0,55,105,260,16,4,0,3,7
Jose Martinez,martijo08,30,STL,NL,110,348,312,42,83,12,0,10,40,2,0,33,73,125,14,1,0,2,0
Nick Martini*,martini02,29,OAK,AL,6,13,11,1,1,0,0,1,2,0,0,2,5,4,0,0,0,0,0
Jeff Mathis,mathije01,36,TEX,AL,76,219,203,17,34,7,0,2,11,1,0,15,73,47,1,0,0,1,1
Steven Matz,matzst01,28,NYM,NL,27,45,42,4,11,0,0,1,1,0,0,0,14,14,0,0,3,0,0
Dustin May,maydu01,21,LAD,NL,4,7,7,0,0,0,0,0,0,0,0,0,3,0,0,0,0,0,0
Trevor May,maytr01,29,MIN,AL,5,0,0,0,0,0,0,0,0,0,0,0,0,0,0,0,0,0,0
Cameron Maybin,maybica01,32,NYY,AL,61,210,186,40,56,14,0,8,26,7,4,24,56,94,3,0,0,0,0
Mike Mayers,mayermi01,27,STL,NL,11,0,0,0,0,0,0,0,0,0,0,0,0,0,0,0,0,0,0
Jack Mayfield,mayfija01,28,HOU,AL,19,54,53,6,7,5,0,1,3,0,0,1,13,15,0,0,0,0,0
Tim Mayza*,mayzati01,27,TOR,AL,4,0,0,0,0,0,0,0,0,0,0,0,0,0,0,0,0,0,0
Nomar Mazara*,mazarno01,24,TEX,AL,109,443,406,65,109,27,1,17,62,4,1,26,100,189,5,6,0,5,2
Chris Mazza,mazzach01,29,NYM,NL,3,2,2,0,0,0,0,0,0,0,0,0,1,0,0,0,0,0,0
Brian McCann*,mccanbr01,35,ATL,NL,73,274,239,26,63,8,0,10,39,0,0,27,45,101,8,2,0,6,1
James McCann,mccanja02,29,CHW,AL,96,386,357,54,103,22,1,15,50,4,1,23,111,172,10,5,1,0,1
Kevin McCarthy,mccarke01,27,KCR,AL,3,0,0,0,0,0,0,0,0,0,0,0,0,0,0,0,0,0,0
Andrew McCutchen,mccutan01,32,PHI,NL,59,262,219,45,56,12,1,10,29,2,1,43,55,100,1,0,0,0,0
T.J. McFarland*,mcfartj01,30,ARI,NL,32,5,3,0,0,0,0,0,0,0,0,0,3,0,0,0,2,0,0
Jake McGee*,mcgeeja01,32,COL,NL,33,0,0,0,0,0,0,0,0,0,0,0,0,0,0,0,0,0,0
Kyle McGowin,mcgowky01,27,WSN,NL,7,3,3,1,1,0,0,0,0,0,0,0,0,1,0,0,0,0,0
Reese McGuire*,mcguire01,24,TOR,AL,11,38,38,5,9,2,0,3,4,0,0,0,9,20,1,0,0,0,0
Collin McHugh,mchugco01,32,HOU,AL,2,0,0,0,0,0,0,0,0,0,0,0,0,0,0,0,0,0,0
Brendan McKay*,mckaybr01,23,TBR,AL,3,6,5,0,0,0,0,0,0,0,0,1,1,0,0,0,0,0,0
Billy McKinney*,mckinbi01,24,TOR,AL,62,220,202,29,45,12,1,9,21,0,2,13,55,86,0,2,2,1,0
Ryan McMahon*,mcmahry01,24,COL,NL,109,414,368,56,99,19,1,17,65,5,1,45,118,171,10,0,0,1,1
Jeff McNeil*,mcneije01,27,NYM,NL,105,442,397,67,132,31,1,15,55,4,5,28,62,210,4,17,0,0,2
Alex McRae,mcraeal01,26,PIT,NL,6,4,3,0,1,0,0,0,0,0,0,0,2,1,0,0,1,0,0
Austin Meadows*,meadoau01,24,TBR,AL,106,450,406,55,113,21,7,22,63,9,5,39,108,214,1,5,0,0,5
John Means*,meansjo01,26,BAL,AL,2,3,1,0,1,0,0,0,0,0,0,1,0,1,0,0,1,0,0
Francisco Mejia#,mejiafr01,23,SDP,NL,64,206,191,24,52,7,2,8,19,1,0,11,46,87,4,3,0,1,1
Tim Melville,melviti01,29,COL,NL,1,3,2,0,1,0,0,0,2,0,0,0,0,1,0,0,1,0,0
Conner Menez*,menezco01,24,SFG,NL,4,3,3,0,0,0,0,0,0,0,0,0,0,0,0,0,0,0,0
Daniel Mengden,mengdda01,26,OAK,AL,1,2,2,0,0,0,0,0,0,0,0,0,2,0,0,0,0,0,0
Oscar Mercado,mercaos01,24,CLE,AL,81,340,310,52,87,18,2,10,35,11,3,19,60,139,7,4,5,2,0
Jordy Mercer,mercejo03,32,DET,AL,52,194,183,13,46,10,0,6,13,0,0,9,37,74,2,2,0,0,1
Whit Merrifield,merriwh01,30,KCR,AL,128,582,536,85,160,33,9,15,65,16,8,40,95,256,7,4,0,2,4
Miles Mikolas,mikolmi01,30,STL,NL,25,50,47,0,7,1,0,0,2,0,0,0,21,8,0,0,3,0,0
Wade Miley*,mileywa01,32,HOU,AL,3,6,4,1,0,0,0,0,0,0,0,1,1,0,0,0,1,0,0
Andrew Miller*,millean01,34,STL,NL,52,0,0,0,0,0,0,0,0,0,0,0,0,0,0,0,0,0,0
Justin Miller,milleju02,32,WSN,NL,17,0,0,0,0,0,0,0,0,0,0,0,0,0,0,0,0,0,0
Shelby Miller,millesh01,28,TEX,AL,2,3,1,0,0,0,0,0,0,0,0,2,1,0,0,0,0,0,0
Alec Mills,millsal02,27,CHC,NL,4,8,8,0,1,0,0,0,0,0,0,0,3,1,0,0,0,0,0
Juan Minaya,minayju01,28,CHW,AL,2,0,0,0,0,0,0,0,0,0,0,0,0,0,0,0,0,0,0
Mike Minor,minormi01,31,TEX,AL,4,10,9,0,0,0,0,0,0,0,0,0,6,0,0,0,1,0,0
A.J. Minter*,minteaj01,25,ATL,NL,33,0,0,0,0,0,0,0,0,0,0,0,0,0,0,0,0,0,0
Yadier Molina,molinya01,36,STL,NL,80,312,293,28,74,17,0,4,39,4,0,13,40,103,12,2,0,4,0
Yoan Moncada#,moncayo01,24,CHW,AL,98,413,376,59,114,22,3,21,61,7,3,31,114,205,1,3,1,2,1
Adalberto Mondesi#,mondera02,23,KCR,AL,82,360,335,48,89,17,9,7,52,31,4,16,101,145,4,0,3,6,0
Frankie Montas,montafr02,26,OAK,AL,1,2,1,0,0,0,0,0,0,0,0,1,0,0,0,0,0,0,0
Rafael Montero,montera01,28,TEX,AL,1,0,0,0,0,0,0,0,0,0,0,0,0,0,0,0,0,0,0
Dylan Moore,mooredy01,26,SEA,AL,86,200,174,22,35,10,2,5,14,7,7,19,68,64,5,6,1,0,0
Colin Moran*,moranco01,26,PIT,NL,121,395,365,37,103,22,1,11,64,0,0,25,93,160,8,2,0,3,4
Adrian Morejon*,morejad01,20,SDP,NL,4,1,1,0,0,0,0,0,0,0,0,0,1,0,0,0,0,0,0
Mitch Moreland*,morelmi01,33,BOS,AL,64,231,205,32,50,11,1,14,44,1,0,24,52,105,9,0,0,2,0
Adam Morgan*,morgaad01,29,PHI,NL,38,0,0,0,0,0,0,0,0,0,0,0,0,0,0,0,0,0,0
Max Moroff#,morofma01,26,CLE,AL,20,35,32,3,4,1,0,1,4,1,0,2,16,8,0,0,1,0,0
Reyes Moronta,moronre01,26,SFG,NL,50,0,0,0,0,0,0,0,0,0,0,0,0,0,0,0,0,0,0
Logan Morrison*,morrilo01,31,PHI,NL,6,11,11,0,3,1,0,0,0,0,0,0,0,4,0,0,0,0,0
Charlie Morton,mortoch02,35,TBR,AL,1,2,2,0,0,0,0,0,0,0,0,0,2,0,0,0,0,0,0
Mike Moustakas*,moustmi01,30,MIL,NL,117,503,454,71,120,27,1,31,74,3,0,42,83,242,11,6,0,1,4
Cedric Mullins#,mullice01,24,BAL,AL,22,74,64,7,6,0,2,0,4,1,0,4,14,10,2,3,2,1,0
Max Muncy*,muncyma01,28,LAD,NL,123,512,426,87,110,18,1,33,87,4,1,78,123,229,5,4,0,4,1
Andres Munoz,munozan01,20,SDP,NL,13,0,0,0,0,0,0,0,0,0,0,0,0,0,0,0,0,0,0
Yairo Munoz,munozya01,24,STL,NL,74,165,158,20,43,7,1,2,13,8,3,5,31,58,4,1,0,1,0
Daniel Murphy*,murphda08,34,COL,NL,101,383,350,46,101,28,1,11,66,1,1,26,59,164,7,1,0,4,0
John Ryan Murphy,murphjr01,28,ARI,NL,25,69,62,9,11,3,0,4,7,0,0,6,28,26,0,0,1,0,0
Tom Murphy,murphto04,28,SEA,AL,53,194,184,23,54,9,1,16,35,2,0,8,67,113,0,1,0,1,0
Harrison Musgrave*,musgrha01,27,COL,NL,9,0,0,0,0,0,0,0,0,0,0,0,0,0,0,0,0,0,0
Joe Musgrove,musgrjo01,26,PIT,NL,37,50,42,4,5,1,0,0,1,0,0,2,16,6,0,0,6,0,0
Wil Myers,myerswi01,28,SDP,NL,121,387,342,49,78,16,0,14,39,10,6,42,138,136,9,2,1,0,0
Tyler Naquin*,naquity01,28,CLE,AL,83,276,260,32,74,18,0,10,32,4,1,11,64,122,7,1,2,2,2
Omar Narvaez*,narvaom01,27,SEA,AL,104,389,346,54,98,9,0,17,43,0,0,38,75,158,5,3,0,2,1
Josh Naylor*,naylojo01,22,SDP,NL,60,175,158,19,39,8,0,7,26,1,1,16,39,68,3,0,0,1,1
Jimmy Nelson,nelsoji02,30,MIL,NL,4,3,3,0,0,0,0,0,0,0,0,0,3,0,0,0,0,0,0
Hector Neris,nerishe01,30,PHI,NL,49,0,0,0,0,0,0,0,0,0,0,0,0,0,0,0,0,0,0
Pat Neshek#,neshepa01,38,PHI,NL,20,0,0,0,0,0,0,0,0,0,0,0,0,0,0,0,0,0,0
Dovydas Neverauskas,neverdo01,26,PIT,NL,10,0,0,0,0,0,0,0,0,0,0,0,0,0,0,0,0,0,0
Jake Newberry,newbeja01,24,KCR,AL,1,0,0,0,0,0,0,0,0,0,0,0,0,0,0,0,0,0,0
Sean Newcomb*,newcose01,26,ATL,NL,40,8,8,0,0,0,0,0,0,0,0,0,7,0,0,0,0,0,0
Kevin Newman,newmake01,25,PIT,NL,98,390,363,34,108,14,3,7,42,11,6,21,48,149,4,3,2,1,2
Juan Nicasio,nicasju01,32,PHI,NL,42,2,2,0,0,0,0,0,0,0,0,0,1,0,0,0,0,0,0
Tomas Nido,nidoto01,25,NYM,NL,38,120,114,7,24,5,0,3,13,0,0,5,30,38,3,0,1,0,1
Brandon Nimmo*,nimmobr01,26,NYM,NL,43,161,130,20,26,7,0,3,14,1,0,26,48,42,1,3,1,1,1
Hector Noesi,noesihe01,32,MIA,NL,3,5,4,0,1,0,0,0,0,0,0,0,3,1,0,0,1,0,0
Stephen Nogosek,nogosst01,24,NYM,NL,7,0,0,0,0,0,0,0,0,0,0,0,0,0,0,0,0,0,0
Aaron Nola,nolaaa01,26,PHI,NL,25,57,47,6,4,0,0,0,2,0,0,6,28,4,0,0,4,0,0
Austin Nola,nolaau01,29,SEA,AL,48,146,133,22,41,8,1,7,17,0,0,9,30,72,2,3,1,0,1
Jake Noll,nollja01,25,WSN,NL,8,13,12,1,2,1,0,0,2,0,0,1,4,3,0,0,0,0,0
Daniel Norris*,norrida01,26,DET,AL,4,6,6,1,1,0,0,0,0,0,0,0,3,1,0,0,0,0,0
James Norwood,norwoja01,25,CHC,NL,1,0,0,0,0,0,0,0,0,0,0,0,0,0,0,0,0,0,0
Jacob Nottingham,nottija01,24,MIL,NL,6,5,5,1,2,0,0,1,4,0,0,0,2,5,0,0,0,0,0
Ivan Nova,novaiv01,32,CHW,AL,2,4,4,0,0,0,0,0,0,0,0,0,3,0,0,0,0,0,0
Dom Nunez*,nunezdo01,24,COL,NL,3,10,9,1,3,1,0,1,2,0,0,0,1,7,0,0,0,1,0
Eduardo Nunez,nunezed02,32,BOS,AL,60,174,167,13,38,7,0,2,20,5,1,4,27,51,6,0,1,2,0
Renato Nunez,nunezre01,25,BAL,AL,122,492,444,64,108,21,0,28,73,0,1,39,116,213,7,7,0,2,1
Peter O'Brien,obriepe01,28,MIA,NL,14,47,42,2,7,1,0,1,4,1,0,4,19,11,2,1,0,0,0
Brian O'Grady*,ogradbr01,27,CIN,NL,9,11,11,0,1,0,0,0,0,0,0,0,3,1,0,0,0,0,0
Ryan O'Hearn*,ohearry01,25,KCR,AL,75,277,248,21,42,8,1,7,22,0,1,28,73,73,7,1,0,1,1
Tyler O'Neill,oneilty01,24,STL,NL,46,136,129,14,36,5,0,5,16,1,0,7,46,56,3,0,0,0,0
Ryan O'Rourke,orourry01,31,NYM,NL,2,0,0,0,0,0,0,0,0,0,0,0,0,0,0,0,0,0,0
Scott Oberg,obergsc01,29,COL,NL,45,1,1,0,0,0,0,0,0,0,0,0,1,0,0,0,0,0,0
Rougned Odor*,odorro01,25,TEX,AL,113,454,408,58,82,22,1,21,67,8,8,40,143,169,4,4,1,1,2
Jake Odorizzi,odorija01,29,MIN,AL,3,3,2,0,0,0,0,0,0,0,0,0,0,0,0,0,1,0,0
Seunghwan Oh,ohse01,36,COL,NL,20,0,0,0,0,0,0,0,0,0,0,0,0,0,0,0,0,0,0
Shohei Ohtani*,ohtansh01,24,LAA,AL,90,361,324,45,99,16,4,16,54,11,3,30,84,171,4,2,0,4,1
Matt Olson*,olsonma02,25,OAK,AL,94,397,351,49,92,17,0,26,63,0,0,36,96,187,7,9,0,1,4
Tyler Olson,olsonty01,29,CLE,AL,1,0,0,0,0,0,0,0,0,0,0,0,0,0,0,0,0,0,0
Rafael Ortega*,ortegra01,28,ATL,NL,7,18,16,1,3,1,0,1,4,0,0,2,3,7,0,0,0,0,0
Josh Osich*,osichjo01,30,CHW,AL,4,0,0,0,0,0,0,0,0,0,0,0,0,0,0,0,0,0,0
Jose Osuna,osunajo01,26,PIT,NL,61,143,130,21,39,13,0,8,26,0,0,9,25,76,4,1,0,2,0
Roberto Osuna,osunaro01,24,HOU,AL,3,0,0,0,0,0,0,0,0,0,0,0,0,0,0,0,0,0,0
Corey Oswalt,oswalco01,25,NYM,NL,2,3,1,0,0,0,0,0,1,0,0,0,1,0,0,0,1,1,0
Dan Otero,oteroda01,34,CLE,AL,1,0,0,0,0,0,0,0,0,0,0,0,0,0,0,0,0,0,0
Adam Ottavino#,ottavad01,33,NYY,AL,3,0,0,0,0,0,0,0,0,0,0,0,0,0,0,0,0,0,0
Marcell Ozuna,ozunama01,28,STL,NL,96,398,355,64,93,18,0,23,69,12,1,41,81,180,14,1,0,1,2
Chris Paddack,paddach01,23,SDP,NL,20,37,33,2,3,0,0,0,2,0,0,0,13,3,0,0,4,0,0
Emilio Pagan*,paganem01,28,TBR,AL,4,1,1,0,0,0,0,0,0,0,0,0,1,0,0,0,0,0,0
Daniel Palka*,palkada01,27,CHW,AL,17,52,45,0,1,0,0,0,2,0,0,6,18,1,2,1,0,0,0
Thomas Pannone*,pannoth01,25,TOR,AL,2,0,0,0,0,0,0,0,0,0,0,0,0,0,0,0,0,0,0
Jarrett Parker*,parkeja03,30,LAA,AL,5,15,12,1,0,0,0,0,0,0,0,3,8,0,0,0,0,0,0
Wes Parsons,parsowe01,26,ATL,NL,16,1,1,0,0,0,0,0,0,0,0,0,1,0,0,0,0,0,0
James Paxton*,paxtoja01,30,NYY,AL,2,5,2,0,0,0,0,0,1,0,0,0,2,0,0,0,3,0,0
Joel Payamps,payamjo01,25,ARI,NL,1,0,0,0,0,0,0,0,0,0,0,0,0,0,0,0,0,0,0
Pedro Payano,payanpe01,24,TEX,AL,1,1,1,0,0,0,0,0,0,0,0,0,1,0,0,0,0,0,0
Steve Pearce,pearcst01,36,BOS,AL,29,99,89,9,16,4,0,1,9,0,0,7,31,23,5,1,0,1,0
Joc Pederson*,pederjo01,27,LAD,NL,117,419,367,61,85,10,3,25,56,1,0,41,90,176,4,10,0,1,2
Dustin Pedroia,pedrodu01,35,BOS,AL,6,21,20,1,2,0,0,0,1,0,0,1,2,2,2,0,0,0,0
Felix Pena,penafe01,29,LAA,AL,3,2,2,0,0,0,0,0,0,0,0,0,0,0,0,0,0,0,0
Hunter Pence,pencehu01,36,TEX,AL,83,316,286,53,85,17,1,18,59,6,1,26,69,158,2,2,0,2,0
David Peralta*,peralda01,31,ARI,NL,98,420,379,48,105,29,3,12,57,0,0,35,86,176,9,5,0,1,3
Freddy Peralta,peralfr01,23,MIL,NL,29,15,14,1,2,0,0,0,1,0,0,0,6,2,0,0,1,0,0
Wandy Peralta*,peralwa01,27,CIN,NL,36,0,0,0,0,0,0,0,0,0,0,0,0,0,0,0,0,0,0
Wily Peralta,peralwi01,30,KCR,AL,2,0,0,0,0,0,0,0,0,0,0,0,0,0,0,0,0,0,0
Jose Peraza,perazjo01,25,CIN,NL,116,332,309,31,74,12,2,6,33,5,5,13,51,108,9,8,0,2,0
Luis Perdomo,perdolu02,26,SDP,NL,32,6,6,0,1,0,0,0,1,0,0,0,2,1,0,0,0,0,0
Hernan Perez,perezhe01,28,MIL,NL,66,181,170,23,41,8,0,5,12,4,1,9,48,64,8,0,1,1,0
Martin Perez*,perezma02,28,MIN,AL,3,3,3,1,0,0,0,0,0,0,0,0,2,0,0,0,0,0,0
Michael Perez*,perezmi03,26,TBR,AL,15,46,39,6,10,5,0,0,2,0,0,6,15,15,0,1,0,0,0
Oliver Perez*,perezol01,37,CLE,AL,1,0,0,0,0,0,0,0,0,0,0,0,0,0,0,0,0,0,0
Roberto Perez,perezro02,30,CLE,AL,94,359,308,38,70,8,1,20,48,0,0,39,102,140,9,2,6,4,1
Dustin Peterson,peterdu01,24,DET,AL,17,47,44,3,10,4,0,0,6,1,0,2,14,14,1,1,0,0,0
Jace Peterson*,peterja01,29,BAL,AL,25,97,89,13,20,3,1,2,11,4,1,6,21,31,1,1,0,1,0
Tim Peterson,peterti01,28,NYM,NL,5,0,0,0,0,0,0,0,0,0,0,0,0,0,0,0,0,0,0
Yusmeiro Petit,petityu01,34,OAK,AL,6,1,1,0,0,0,0,0,0,0,0,0,0,0,1,0,0,0,0
Jake Petricka,petrija01,31,MIL,NL,5,0,0,0,0,0,0,0,0,0,0,0,0,0,0,0,0,0,0
Tommy Pham,phamth01,31,TBR,AL,115,522,446,59,118,22,2,19,54,16,3,71,100,201,17,4,0,1,4
Josh Phegley,phegljo01,31,OAK,AL,86,272,250,36,61,14,0,10,47,0,1,11,43,105,9,6,1,4,0
Brett Phillips*,phillbr02,25,KCR,AL,5,18,15,2,3,1,0,0,1,1,0,3,4,4,0,0,0,0,0
Evan Phillips,phillev01,24,BAL,AL,1,0,0,0,0,0,0,0,0,0,0,0,0,0,0,0,0,0,0
Manny Pina,pinama01,32,MIL,NL,63,147,131,9,29,6,0,6,18,0,0,13,40,53,1,3,0,0,1
Chad Pinder,pindech01,27,OAK,AL,96,286,265,36,65,17,0,11,39,0,1,13,66,115,9,5,0,3,0
Michael Pineda,pinedmi01,30,MIN,AL,2,4,4,0,0,0,0,0,0,0,0,0,1,0,0,0,0,0,0
Jose Pirela,pireljo01,29,SDP,NL,2,5,5,0,0,0,0,0,0,0,0,0,3,0,1,0,0,0,0
Stephen Piscotty,piscost01,28,OAK,AL,91,387,351,46,89,17,1,13,44,2,0,29,83,147,13,3,1,3,0
Nick Pivetta,pivetni01,26,PHI,NL,22,25,24,1,2,0,0,0,0,0,0,0,18,2,0,0,1,0,0
Kevin Plawecki,plaweke01,28,CLE,AL,48,141,127,11,26,8,0,2,12,0,1,10,27,40,4,3,0,1,0
Adam Plutko,plutkad01,27,CLE,AL,1,2,2,0,0,0,0,0,0,0,0,0,1,0,0,0,0,0,0
Colin Poche*,pocheco01,25,TBR,AL,2,0,0,0,0,0,0,0,0,0,0,0,0,0,0,0,0,0,0
Gregory Polanco*,polangr01,27,PIT,NL,42,167,153,23,37,8,1,6,17,3,1,12,49,65,4,1,0,0,1
Jorge Polanco#,polanjo01,25,MIN,AL,121,566,508,81,150,33,6,19,66,4,3,48,88,252,8,4,1,5,2
A.J. Pollock,polloaj01,31,LAD,NL,57,226,200,36,53,10,1,9,31,2,1,18,46,92,4,4,0,4,1
Daniel Ponce de Leon,ponceda01,27,STL,NL,9,10,7,0,0,0,0,0,0,0,0,1,4,0,0,0,2,0,0
Sean Poppen,poppese01,25,MIN,AL,1,0,0,0,0,0,0,0,0,0,0,0,0,0,0,0,0,0,0
Rick Porcello,porceri01,30,BOS,AL,1,2,2,0,0,0,0,0,0,0,0,0,0,0,0,0,0,0,0
Buster Posey,poseybu01,32,SFG,NL,94,361,327,37,83,24,0,6,34,0,0,29,55,125,14,4,0,1,0
Brooks Pounders,poundbr01,28,NYM,NL,7,0,0,0,0,0,0,0,0,0,0,0,0,0,0,0,0,0,0
Bobby Poyner*,poynebo01,26,BOS,AL,1,0,0,0,0,0,0,0,0,0,0,0,0,0,0,0,0,0,0
Martin Prado,pradoma01,35,MIA,NL,75,209,198,20,48,8,0,1,14,0,0,8,33,59,6,0,0,3,0
Ryan Pressly,pressry01,30,HOU,AL,4,0,0,0,0,0,0,0,0,0,0,0,0,0,0,0,0,0,0
David Price*,priceda01,33,BOS,AL,1,2,2,0,1,0,0,0,1,0,0,0,1,1,0,0,0,0,0
Jurickson Profar#,profaju01,26,OAK,AL,108,401,366,46,75,18,1,15,51,7,0,27,62,140,10,6,0,2,2
Austin Pruitt,pruitau01,29,TBR,AL,1,1,1,0,0,0,0,0,0,0,0,0,1,0,0,0,0,0,0
Albert Pujols,pujolal01,39,LAA,AL,101,419,378,44,94,16,0,19,75,1,0,31,54,167,17,3,0,7,1
Cal Quantrill*,quantca01,24,SDP,NL,16,24,20,1,1,0,0,0,1,0,0,1,6,1,0,0,3,0,0
Jose Quijada*,quijajo01,23,MIA,NL,23,1,1,0,0,0,0,0,0,0,0,0,1,0,0,0,0,0,0
Roman Quinn#,quinnro01,26,PHI,NL,44,122,108,18,23,3,1,4,11,8,0,12,34,40,2,1,1,0,0
Jose Quintana,quintjo01,30,CHC,NL,24,54,47,2,3,0,0,0,2,0,0,0,25,3,1,0,7,0,0
Tanner Rainey,raineta01,26,WSN,NL,32,1,1,0,0,0,0,0,0,0,0,0,1,0,0,0,0,0,0
Hanley Ramirez,ramirha01,35,CLE,AL,16,57,49,4,9,1,0,2,8,0,0,8,17,16,2,0,0,0,0
Harold Ramirez,ramirha02,24,MIA,NL,85,320,302,38,81,15,1,7,38,2,0,13,65,119,7,4,0,1,1
Jose Ramirez#,ramirjo01,26,CLE,AL,124,528,469,65,119,32,3,20,75,24,4,51,72,217,8,2,0,6,3
Nick Ramirez*,ramirni01,29,DET,AL,3,1,1,0,0,0,0,0,0,0,0,0,1,0,0,0,0,0,0
Noe Ramirez,ramirno01,29,LAA,AL,3,0,0,0,0,0,0,0,0,0,0,0,0,0,0,0,0,0,0
Edubray Ramos,ramosed02,26,PHI,NL,17,0,0,0,0,0,0,0,0,0,0,0,0,0,0,0,0,0,0
Wilson Ramos,ramoswi01,31,NYM,NL,112,418,377,43,105,11,0,13,63,0,0,38,53,155,14,1,0,2,5
Rangel Ravelo,ravelra01,27,STL,NL,14,20,19,0,3,2,0,0,1,0,0,1,8,5,1,0,0,0,0
Robbie Ray*,rayro02,27,ARI,NL,23,47,44,0,3,0,0,0,3,0,0,0,21,3,2,0,3,0,0
Raudy Read,readra01,25,WSN,NL,1,1,1,0,0,0,0,0,0,0,0,0,0,0,0,0,0,0,0
J.T. Realmuto,realmjt01,28,PHI,NL,120,478,437,75,120,29,1,19,66,7,1,33,107,208,8,3,0,5,2
Josh Reddick*,reddijo01,32,HOU,AL,114,453,415,46,108,14,2,10,37,4,2,28,51,156,9,0,0,8,1
AJ Reed*,reedaj01,26,CHW,AL,14,49,44,1,6,0,0,1,4,0,0,4,21,9,1,0,0,1,0
Cody Reed*,reedco01,26,CIN,NL,3,1,1,0,0,0,0,0,0,0,0,0,1,0,0,0,0,0,0
Michael Reed,reedmi02,26,SFG,NL,4,8,8,0,0,0,0,0,0,0,0,0,6,0,0,0,0,0,0
Sean Reid-Foley,reidfse01,23,TOR,AL,1,1,1,0,0,0,0,0,0,0,0,0,1,0,0,0,0,0,0
Zac Reininger#,reiniza01,26,DET,AL,5,0,0,0,0,0,0,0,0,0,0,0,0,0,0,0,0,0,0
Anthony Rendon,rendoan01,29,WSN,NL,113,498,432,91,140,35,3,28,101,3,1,49,71,265,11,11,0,6,6
Hunter Renfroe,renfrhu01,27,SDP,NL,115,423,381,58,88,18,1,31,61,4,0,36,124,201,6,1,0,5,1
Luis Rengifo#,rengilu01,22,LAA,AL,90,350,307,40,74,16,3,5,29,1,5,34,75,111,6,5,1,3,0
Alex Reyes,reyesal02,24,STL,NL,4,0,0,0,0,0,0,0,0,0,0,0,0,0,0,0,0,0,0
Gerardo Reyes,reyesge01,26,SDP,NL,18,1,1,0,0,0,0,0,0,0,0,0,1,0,0,0,0,0,0
Pablo Reyes,reyespa01,25,PIT,NL,40,81,75,9,12,1,0,2,8,1,0,5,20,19,0,1,0,0,0
Victor Reyes#,reyesvi01,24,DET,AL,35,141,132,17,36,7,3,1,9,1,1,9,36,52,3,0,0,0,0
Bryan Reynolds#,reynobr01,24,PIT,NL,104,412,364,66,118,26,2,13,50,1,2,39,90,187,8,6,0,3,0
Mark Reynolds,reynoma01,35,COL,NL,78,162,135,13,23,7,0,4,20,2,0,22,57,42,3,2,0,3,0
Jacob Rhame,rhameja01,26,NYM,NL,5,0,0,0,0,0,0,0,0,0,0,0,0,0,0,0,0,0,0
JT Riddle*,riddljt01,27,MIA,NL,51,139,132,15,25,6,0,6,12,0,0,5,42,49,3,2,0,0,1
Austin Riley,rileyau01,22,ATL,NL,66,255,236,38,57,9,1,17,45,0,2,13,90,119,4,5,0,1,3
Edwin Rios*,riosed01,25,LAD,NL,17,43,35,8,10,2,1,2,4,0,0,8,13,20,1,0,0,0,0
Yacksel Rios,riosya01,26,PHI,NL,4,0,0,0,0,0,0,0,0,0,0,0,0,0,0,0,0,0,0
Yadiel Rivera,riverya01,27,MIA,NL,34,66,60,8,11,2,0,0,3,2,0,6,20,13,1,0,0,0,0
Anthony Rizzo*,rizzoan01,29,CHC,NL,123,526,441,80,128,26,2,25,81,5,2,61,76,233,14,22,0,2,3
Daniel Robertson,roberda10,25,TBR,AL,59,206,178,22,36,8,0,2,15,1,1,23,52,50,10,5,0,0,0
David Robertson,roberda08,34,PHI,NL,7,0,0,0,0,0,0,0,0,0,0,0,0,0,0,0,0,0,0
Drew Robinson*,robindr01,27,STL,NL,5,7,7,1,1,0,0,0,0,0,0,0,3,1,0,0,0,0,0
Hansel Robles,robleha01,28,LAA,AL,5,0,0,0,0,0,0,0,0,0,0,0,0,0,0,0,0,0,0
Victor Robles,roblevi01,22,WSN,NL,122,483,424,71,106,23,3,16,54,20,7,29,113,183,6,20,6,4,3
Brendan Rodgers,rodgebr02,22,COL,NL,25,81,76,8,17,2,0,0,7,0,0,4,27,19,2,1,0,0,0
Dereck Rodriguez,rodride01,27,SFG,NL,21,24,24,1,5,0,0,0,0,0,0,0,13,5,0,0,0,0,0
Richard Rodriguez,rodriri05,29,PIT,NL,52,0,0,0,0,0,0,0,0,0,0,0,0,0,0,0,0,0,0
Ronny Rodriguez,rodriro03,27,DET,AL,60,204,192,20,43,11,3,9,26,2,1,9,55,87,4,0,0,3,0
Sean Rodriguez,rodrise01,34,PHI,NL,51,94,79,16,17,3,0,3,10,1,1,9,29,29,2,2,3,1,0
Chaz Roe,roech01,32,TBR,AL,7,0,0,0,0,0,0,0,0,0,0,0,0,0,0,0,0,0,0
Jake Rogers,rogerja03,24,DET,AL,18,70,60,8,8,0,0,4,7,0,0,9,29,20,2,0,1,0,0
Taylor Rogers*,rogerta01,28,MIN,AL,5,0,0,0,0,0,0,0,0,0,0,0,0,0,0,0,0,0,0
Josh Rojas*,rojasjo01,25,ARI,NL,9,29,26,3,6,1,0,0,2,1,1,3,6,7,1,0,0,0,0
Miguel Rojas,rojasmi02,30,MIA,NL,108,419,380,44,110,22,1,4,33,6,5,30,52,146,13,4,0,5,2
Sal Romano*,romansa01,25,CIN,NL,3,2,2,0,0,0,0,0,0,0,0,0,1,0,0,0,0,0,0
Austin Romine,rominau01,30,NYY,AL,54,181,173,19,46,7,0,6,28,1,1,6,38,71,4,0,1,1,0
Hector Rondon,rondohe01,31,HOU,AL,5,0,0,0,0,0,0,0,0,0,0,0,0,0,0,0,0,0,0
Amed Rosario,rosaram01,23,NYM,NL,123,514,480,62,140,26,7,12,54,15,7,27,101,216,10,2,2,3,2
Eddie Rosario*,rosared01,27,MIN,AL,108,463,439,74,124,19,1,27,85,3,1,18,64,226,10,0,0,6,1
Randy Rosario*,rosarra01,25,CHC,NL,11,1,1,0,0,0,0,0,0,0,0,0,0,0,0,0,0,0,0
Joe Ross,rossjo01,26,WSN,NL,24,14,13,1,2,0,0,0,0,0,0,1,7,2,0,0,0,0,0
Jose Ruiz,ruizjo01,24,CHW,AL,3,0,0,0,0,0,0,0,0,0,0,0,0,0,0,0,0,0,0
Rio Ruiz*,ruizri01,25,BAL,AL,98,314,281,26,69,9,1,8,35,0,1,30,71,104,7,0,1,2,0
Chris Rusin*,rusinch01,32,COL,NL,2,0,0,0,0,0,0,0,0,0,0,0,0,0,0,0,0,0,0
Addison Russell,russead02,25,CHC,NL,61,175,152,18,37,3,1,6,16,0,0,19,39,60,4,1,1,2,2
Kyle Ryan*,ryanky01,27,CHC,NL,55,2,2,0,0,0,0,0,0,0,0,0,1,0,0,0,0,0,0
Hyun-Jin Ryu,ryuhy01,32,LAD,NL,22,55,41,1,5,1,0,0,1,0,0,4,19,6,0,0,10,0,0
CC Sabathia*,sabatc.01,38,NYY,AL,1,2,2,0,0,0,0,0,0,0,0,0,2,0,0,0,0,0,0
Tyler Saladino,saladty01,29,MIL,NL,28,71,65,7,8,0,0,2,8,2,0,5,26,14,1,1,0,0,0
Fernando Salas,salasfe01,34,PHI,NL,3,0,0,0,0,0,0,0,0,0,0,0,0,0,0,0,0,0,0
Jeff Samardzija,samarje01,34,SFG,NL,24,46,41,1,5,2,0,0,1,0,0,0,25,7,0,0,5,0,0
Adrian Sampson,sampsad01,27,TEX,AL,3,2,2,0,0,0,0,0,0,0,0,0,1,0,0,0,0,0,0
Adrian Sanchez,sanchad01,28,WSN,NL,26,30,29,2,7,0,0,0,1,0,0,1,9,7,0,0,0,0,0
Anibal Sanchez,sanchan01,35,WSN,NL,21,42,40,1,2,0,0,0,0,0,0,0,19,2,2,0,2,0,0
Gary Sanchez,sanchga02,26,NYY,AL,88,374,337,49,79,10,1,28,66,0,0,30,101,175,3,6,0,1,2
Yolmer Sanchez#,sanchca01,27,CHW,AL,117,426,385,45,97,14,4,2,30,5,4,30,92,125,7,4,6,1,1
Pablo Sandoval#,sandopa01,32,SFG,NL,107,295,271,42,73,23,0,14,41,1,0,18,67,138,8,1,2,3,2
Patrick Sandoval*,sandopa02,22,LAA,AL,1,2,2,0,0,0,0,0,0,0,0,0,2,0,0,0,0,0,0
Miguel Sano,sanomi01,26,MIN,AL,78,325,281,56,68,16,1,23,51,0,1,42,114,155,3,1,0,1,0
Carlos Santana#,santaca01,33,CLE,AL,125,543,449,91,130,24,1,30,79,4,0,92,80,246,12,1,0,1,9
Danny Santana#,santada01,28,TEX,AL,100,387,365,63,111,21,6,21,59,13,6,14,108,207,5,3,0,4,1
Dennis Santana,santade01,23,LAD,NL,3,2,2,0,1,0,0,0,0,0,0,0,0,1,0,0,0,0,0
Domingo Santana,santado01,26,SEA,AL,115,496,441,63,113,20,1,21,69,8,3,49,159,198,10,2,0,2,1
Anthony Santander#,santaan02,24,BAL,AL,67,289,268,33,74,15,1,12,36,1,2,16,52,127,0,1,1,3,0
Josh Sborz,sborzjo01,25,LAD,NL,2,0,0,0,0,0,0,0,0,0,0,0,0,0,0,0,0,0,0
Scott Schebler*,schebsc01,28,CIN,NL,30,95,81,11,10,2,0,2,7,0,1,14,27,18,3,0,0,0,0
Max Scherzer,scherma01,34,WSN,NL,21,48,45,4,8,0,0,0,2,1,0,0,21,8,1,0,3,0,0
Jonathan Schoop,schoojo01,27,MIN,AL,96,376,351,51,89,21,0,17,46,1,1,15,95,161,9,9,0,1,1
Jaime Schultz,schulja02,28,LAD,NL,4,0,0,0,0,0,0,0,0,0,0,0,0,0,0,0,0,0,0
Kyle Schwarber*,schwaky01,26,CHC,NL,121,475,410,61,93,18,1,29,67,1,3,57,119,200,4,3,0,5,4
Frank Schwindel,schwifr01,27,KCR,AL,6,15,15,0,1,0,0,0,0,0,0,0,2,1,0,0,0,0,0
Robby Scott#,scottro02,29,ARI,NL,3,0,0,0,0,0,0,0,0,0,0,0,0,0,0,0,0,0,0
Tanner Scott,scottta01,24,BAL,AL,1,0,0,0,0,0,0,0,0,0,0,0,0,0,0,0,0,0,0
Corey Seager*,seageco01,25,LAD,NL,103,418,372,63,101,36,0,12,57,1,0,39,75,173,5,4,0,3,2
Kyle Seager*,seageky01,31,SEA,AL,72,299,268,40,65,12,1,17,43,1,1,27,61,130,7,2,0,2,0
Jean Segura,segurje01,29,PHI,NL,114,495,459,66,130,29,3,11,52,7,2,25,59,198,9,8,1,2,0
Sam Selman,selmasa01,28,SFG,NL,4,0,0,0,0,0,0,0,0,0,0,0,0,0,0,0,0,0,0
Marcus Semien,semiema01,28,OAK,AL,128,587,516,92,141,34,5,22,61,7,7,69,84,251,10,1,0,1,1
Antonio Senzatela,senzaan01,24,COL,NL,17,36,32,1,0,0,0,0,1,0,0,1,19,0,0,0,3,0,0
Nick Senzel,senzeni01,24,CIN,NL,89,371,337,50,89,20,4,10,38,12,4,26,86,147,6,2,0,1,0
Pedro Severino,severpe01,25,BAL,AL,76,278,247,29,62,11,0,10,30,2,1,24,64,103,3,4,1,2,0
Paul Sewald,sewalpa01,29,NYM,NL,6,1,1,0,0,0,0,0,0,0,0,0,0,0,0,0,0,0,0
Justin Shafer,shafeju01,26,TOR,AL,2,0,0,0,0,0,0,0,0,0,0,0,0,0,0,0,0,0,0
Bryan Shaw#,shawbr01,31,COL,NL,51,0,0,0,0,0,0,0,0,0,0,0,0,0,0,0,0,0,0
Travis Shaw*,shawtr01,29,MIL,NL,65,228,197,18,32,5,0,6,13,0,0,28,74,55,5,3,0,0,3
Jimmie Sherfy,sherfji01,27,ARI,NL,5,2,2,0,0,0,0,0,0,0,0,0,2,0,0,0,0,0,0
Chasen Shreve*,shrevch01,28,STL,NL,3,1,0,0,0,0,0,0,0,0,0,1,0,0,0,0,0,0,0
JB Shuck*,shuckja01,32,PIT,NL,27,57,47,4,10,0,1,0,2,1,1,8,10,12,0,1,1,0,0
Andrelton Simmons,simmoan01,29,LAA,AL,74,305,288,37,79,16,0,5,28,9,1,16,28,110,16,1,0,0,0
Lucas Sims,simslu01,25,CIN,NL,14,6,6,0,0,0,0,0,0,0,0,0,4,0,0,0,0,0,0
Tony Sipp*,sippto01,35,WSN,NL,33,0,0,0,0,0,0,0,0,0,0,0,0,0,0,0,0,0,0
Chance Sisco*,siscoch01,24,BAL,AL,44,158,137,23,30,6,0,6,18,0,1,15,50,54,4,6,0,0,0
Tyler Skaggs*,skaggty01,27,LAA,AL,2,3,2,0,0,0,0,0,0,0,0,1,1,0,0,0,0,0,0
Matt Skole*,skolema01,29,CHW,AL,15,47,42,4,9,1,0,0,5,0,0,4,17,10,0,0,0,1,0
Austin Slater,slateau01,26,SFG,NL,41,127,107,14,32,8,3,4,20,1,0,18,35,58,1,2,0,0,1
Burch Smith,smithbu03,29,MIL,NL,7,1,1,0,0,0,0,0,0,0,0,0,1,0,0,0,0,0,0
Caleb Smith,smithca03,27,MIA,NL,19,36,33,2,9,2,0,0,2,0,0,0,11,11,1,0,3,0,0
Dominic Smith*,smithdo02,24,NYM,NL,88,196,176,34,49,10,0,10,22,1,2,19,44,89,5,1,0,0,0
Dwight Smith Jr.*,smithdw02,26,BAL,AL,84,341,311,41,74,15,2,12,48,5,1,23,68,129,7,3,0,4,0
Joe Smith,smithjo05,35,HOU,AL,1,0,0,0,0,0,0,0,0,0,0,0,0,0,0,0,0,0,0
Kevan Smith,smithke04,31,LAA,AL,43,139,122,18,30,9,0,2,12,1,0,13,24,45,6,3,0,1,0
Mallex Smith*,smithma05,26,SEA,AL,106,464,422,56,99,19,8,5,33,34,8,32,120,149,4,8,1,1,0
Will Smith,smithwi04,29,SFG,NL,51,2,1,0,1,0,0,0,2,0,0,0,0,1,0,0,1,0,0
Will Smith,smithwi05,24,LAD,NL,28,102,88,21,28,8,0,12,31,1,0,10,26,72,1,2,0,2,1
Justin Smoak#,smoakju01,32,TOR,AL,102,424,348,48,74,13,0,19,52,0,0,70,88,144,9,5,0,1,1
Chad Sobotka,sobotch01,25,ATL,NL,26,2,2,0,0,0,0,0,0,0,0,0,2,0,0,0,0,0,0
Nick Solak,solakni01,24,TEX,AL,4,15,14,4,5,2,0,1,2,0,0,1,4,10,0,0,0,0,0
Donovan Solano,solando01,31,SFG,NL,61,180,169,21,56,11,0,4,20,0,1,8,39,79,3,1,0,2,0
Yangervis Solarte#,solarya01,31,SFG,NL,28,78,73,9,15,5,0,1,7,0,0,4,16,23,4,0,1,0,1
Jorge Soler,solerjo01,27,KCR,AL,128,530,458,69,117,25,0,35,88,1,1,58,139,247,13,9,0,3,1
Joakim Soria,soriajo01,35,OAK,AL,5,0,0,0,0,0,0,0,0,0,0,0,0,0,0,0,0,0,0
Mike Soroka,sorokmi01,21,ATL,NL,22,53,44,2,4,0,0,0,3,0,0,1,18,4,1,2,6,0,0
Edmundo Sosa,sosaed01,23,STL,NL,3,3,3,0,1,0,0,0,0,0,0,0,1,1,0,0,0,0,0
Gregory Soto*,sotogr01,24,DET,AL,1,2,2,0,2,0,0,0,0,0,0,0,0,2,0,0,0,0,0
Juan Soto*,sotoju01,20,WSN,NL,116,514,427,81,122,20,4,28,83,12,1,81,103,234,8,2,0,4,2
Glenn Sparkman,sparkgl01,27,KCR,AL,3,2,2,0,0,0,0,0,0,0,0,0,0,0,0,0,0,0,0
George Springer,springe01,29,HOU,AL,95,442,383,74,113,18,3,27,68,5,1,51,88,218,10,4,0,4,1
Jeffrey Springs*,sprinje01,26,TEX,AL,2,0,0,0,0,0,0,0,0,0,0,0,0,0,0,0,0,0,0
Jacob Stallings,stallja01,29,PIT,NL,48,132,120,14,32,4,0,4,9,0,0,10,26,48,1,2,0,0,5
Eric Stamets,stameer01,27,CLE,AL,15,48,41,4,2,1,0,0,2,0,0,5,24,3,2,0,1,1,0
Craig Stammen,stammcr01,35,SDP,NL,57,1,1,0,0,0,0,0,0,0,0,0,1,0,0,0,0,0,0
Giancarlo Stanton,stantmi03,29,NYY,AL,9,38,31,4,9,1,0,1,7,0,0,7,13,13,1,0,0,0,0
Bubba Starling,starlbu01,26,KCR,AL,30,116,109,14,22,3,0,2,8,1,0,6,38,31,2,0,1,0,0
Cody Stashak,stashco01,25,MIN,AL,1,0,0,0,0,0,0,0,0,0,0,0,0,0,0,0,0,0,0
Drew Steckenrider,steckdr01,28,MIA,NL,14,0,0,0,0,0,0,0,0,0,0,0,0,0,0,0,0,0,0
Robert Stephenson,stephro01,26,CIN,NL,41,1,1,0,0,0,0,0,0,0,0,0,1,0,0,0,0,0,0
Andrew Stevenson*,stevean01,25,WSN,NL,18,24,20,3,7,1,0,0,0,0,0,3,7,8,0,1,0,0,0
Christin Stewart*,stewach02,25,DET,AL,81,327,285,27,68,21,1,7,33,0,1,31,78,112,2,6,0,5,3
DJ Stewart*,stewadj01,25,BAL,AL,14,50,48,1,10,2,0,0,2,1,1,2,14,12,0,0,0,0,0
Robert Stock*,stockro01,29,SDP,NL,10,0,0,0,0,0,0,0,0,0,0,0,0,0,0,0,0,0,0
Trevor Story,storytr01,26,COL,NL,115,520,467,93,137,33,5,28,74,18,6,44,131,264,2,6,0,3,0
Matt Strahm,strahma01,27,SDP,NL,29,26,21,1,6,2,0,0,1,0,0,2,12,8,0,0,3,0,0
Stephen Strasburg,strasst01,30,WSN,NL,27,65,59,4,9,1,0,1,8,0,0,3,18,13,0,0,3,0,0
Myles Straw,strawmy01,24,HOU,AL,42,102,86,18,20,3,1,0,4,7,1,15,22,25,1,0,1,0,0
Ross Stripling,stripro01,29,LAD,NL,22,21,18,1,3,0,0,0,1,0,0,1,5,3,1,0,2,0,0
Pedro Strop,stroppe01,34,CHC,NL,33,0,0,0,0,0,0,0,0,0,0,0,0,0,0,0,0,0,0
Garrett Stubbs*,stubbga01,26,HOU,AL,9,27,25,2,4,1,0,0,2,1,0,2,5,5,0,0,0,0,0
Daniel Stumpf*,stumpda01,28,DET,AL,5,0,0,0,0,0,0,0,0,0,0,0,0,0,0,0,0,0,0
Andrew Suarez*,suarean01,26,SFG,NL,11,3,3,0,0,0,0,0,0,0,0,0,1,0,0,0,0,0,0
Eugenio Suarez,suareeu01,27,CIN,NL,125,522,456,68,117,18,1,34,78,3,2,52,145,239,12,8,0,6,3
Jose Suarez*,suarejo01,21,LAA,AL,1,2,2,0,0,0,0,0,0,0,0,0,1,0,0,0,0,0,0
Ranger Suarez*,suarera01,23,PHI,NL,19,3,2,0,1,0,0,0,0,0,0,0,1,1,0,0,1,0,0
Jesus Sucre,sucreje01,31,BAL,AL,20,67,62,3,13,2,0,0,3,0,0,4,13,15,1,1,0,0,0
Wander Suero,suerowa01,27,WSN,NL,57,1,1,0,0,0,0,0,0,0,0,0,1,0,0,0,0,0,0
Ichiro Suzuki*,suzukic01,45,SEA,AL,2,6,5,0,0,0,0,0,0,0,0,1,1,0,0,0,0,0,0
Kurt Suzuki,suzukku01,35,WSN,NL,72,266,241,28,65,9,0,13,47,0,1,18,31,113,7,4,0,3,1
Dansby Swanson,swansda01,25,ATL,NL,100,431,385,64,102,21,3,17,57,7,4,36,88,180,7,4,1,5,1
Erik Swanson,swanser01,25,SEA,AL,1,2,2,0,0,0,0,0,0,0,0,0,1,0,0,0,0,0,0
Noah Syndergaard*,syndeno01,26,NYM,NL,23,57,53,6,6,1,0,2,2,0,0,3,38,13,0,0,1,0,0
Jameson Taillon,taillja01,27,PIT,NL,6,11,8,0,2,0,0,0,0,0,0,0,3,2,0,0,3,0,0
Masahiro Tanaka,tanakma01,30,NYY,AL,1,1,1,0,0,0,0,0,0,0,0,0,0,0,0,0,0,0,0
Raimel Tapia*,tapiara01,25,COL,NL,116,389,369,49,107,22,5,8,38,5,3,20,83,163,2,0,0,0,0
Dillon Tate,tatedi01,25,BAL,AL,1,0,0,0,0,0,0,0,0,0,0,0,0,0,0,0,0,0,0
Fernando Tatis Jr.,tatisfe02,20,SDP,NL,84,372,334,61,106,13,6,22,53,16,6,30,110,197,4,5,0,3,1
Mike Tauchman*,tauchmi01,28,NYY,AL,74,250,221,41,66,17,1,12,45,5,0,28,64,121,7,0,0,1,0
Beau Taylor*,taylobe11,29,OAK,AL,9,27,22,3,4,0,0,2,2,0,0,4,6,10,0,1,0,0,0
Chris Taylor,tayloch03,28,LAD,NL,92,307,269,36,73,20,4,9,45,7,0,30,83,128,5,2,2,4,2
Josh Taylor*,taylojo02,26,BOS,AL,1,0,0,0,0,0,0,0,0,0,0,0,0,0,0,0,0,0,0
Michael A. Taylor,taylomi02,28,WSN,NL,43,85,76,6,16,5,0,0,2,4,0,7,32,21,0,0,2,0,0
Julio Teheran,teherju01,28,ATL,NL,27,51,47,1,6,1,0,0,4,0,0,0,18,7,0,0,3,1,0
Ruben Tejada,tejadru01,29,NYM,NL,6,9,9,1,0,0,0,0,0,0,0,0,3,0,0,0,0,0,0
Rowdy Tellez*,tellero01,24,TOR,AL,84,306,282,35,63,13,0,15,41,1,1,18,87,121,9,4,0,2,3
Ryan Tepera,teperry01,31,TOR,AL,1,0,0,0,0,0,0,0,0,0,0,0,0,0,0,0,0,0,0
Matt Thaiss*,thaisma01,24,LAA,AL,33,105,94,13,18,3,0,6,19,0,0,11,34,39,2,0,0,0,0
Eric Thames*,thameer01,32,MIL,NL,116,349,299,50,76,18,1,17,49,3,1,42,108,147,0,6,0,2,3
Lane Thomas,thomala02,23,STL,NL,29,37,34,5,11,0,1,3,11,1,1,3,8,22,1,0,0,0,0
Tyler Thornburg,thornty01,30,BOS,AL,2,0,0,0,0,0,0,0,0,0,0,0,0,0,0,0,0,0,0
Trent Thornton,thorntr01,25,TOR,AL,1,3,3,2,2,0,0,0,0,0,0,0,0,2,0,0,0,0,0
Charlie Tilson*,tilsoch01,26,CHW,AL,54,157,144,16,33,5,0,1,12,4,0,10,38,41,1,3,0,0,1
Jesus Tinoco,tinocje01,24,COL,NL,11,4,4,1,1,0,0,0,0,0,0,0,3,1,0,0,0,0,0
Yasmany Tomas,tomasya01,28,ARI,NL,4,6,6,0,0,0,0,0,0,0,0,0,3,0,1,0,0,0,0
Josh Tomlin,tomlijo01,34,ATL,NL,38,6,6,0,0,0,0,0,0,0,0,0,3,0,0,0,0,0,0
Abraham Toro#,toroab01,22,HOU,AL,1,4,4,0,0,0,0,0,0,0,0,0,0,0,0,0,0,0,0
Gleyber Torres,torregl01,22,NYY,AL,117,488,438,83,126,21,0,31,75,4,2,43,98,240,8,2,1,4,3
Touki Toussaint,toussto01,23,ATL,NL,23,10,9,0,0,0,0,0,0,0,0,0,7,0,0,0,1,0,0
Wilfredo Tovar,tovarwi01,27,LAA,AL,31,88,83,5,16,5,0,0,5,0,0,5,15,21,0,0,0,0,0
Sam Travis,travisa01,25,BOS,AL,40,113,103,15,27,4,0,6,15,2,0,9,24,49,3,0,0,1,2
Blake Treinen,treinbl01,31,OAK,AL,3,0,0,0,0,0,0,0,0,0,0,0,0,0,0,0,0,0,0
Jose Trevino,trevijo01,26,TEX,AL,15,38,36,5,7,1,0,1,3,0,0,1,12,11,3,0,1,0,0
Lou Trivino,trivilo01,27,OAK,AL,4,0,0,0,0,0,0,0,0,0,0,0,0,0,0,0,0,0,0
Mike Trout,troutmi01,27,LAA,AL,122,550,432,103,128,27,2,42,98,10,2,100,111,285,5,14,0,4,12
Cole Tucker#,tuckeco01,22,PIT,NL,41,123,113,11,22,8,0,2,10,0,0,8,34,36,1,1,1,0,1
Troy Tulowitzki,tulowtr01,34,NYY,AL,5,13,11,1,2,1,0,1,1,0,0,2,4,6,1,0,0,0,0
Spencer Turnbull,turnbsp01,26,DET,AL,3,8,8,1,0,0,0,0,0,0,0,0,7,0,0,0,0,0,0
Justin Turner,turneju01,34,LAD,NL,118,482,419,73,123,22,0,22,57,2,0,47,79,211,10,12,0,4,1
Trea Turner,turnetr01,26,WSN,NL,88,412,375,67,111,26,4,13,42,26,5,33,87,184,9,3,0,1,2
Duane Underwood Jr.,underdu01,24,CHC,NL,3,1,1,0,0,0,0,0,0,0,0,0,1,0,0,0,0,0,0
Justin Upton,uptonju01,31,LAA,AL,48,198,166,27,36,7,0,9,33,1,0,27,62,70,2,0,0,5,0
Jose Urena,urenajo01,27,MIA,NL,13,22,19,1,0,0,0,0,0,0,0,1,14,0,1,0,2,0,0
Richard Urena#,urenari01,23,TOR,AL,18,44,41,2,10,3,0,0,0,0,0,1,13,13,0,0,2,0,0
Julio Urias*,uriasju01,22,LAD,NL,26,18,12,0,3,0,0,0,2,0,0,1,4,3,0,0,5,0,0
Luis Urias,uriaslu01,22,SDP,NL,38,129,107,17,21,4,0,2,13,0,1,17,29,31,5,5,0,0,0
Jose Urquidy,urquijo01,24,HOU,AL,2,4,4,0,0,0,0,0,0,0,0,0,3,0,0,0,0,0,0
Gio Urshela,urshegi01,27,NYY,AL,108,390,360,64,121,29,0,18,66,1,1,22,68,204,12,4,0,4,0
Pat Valaika,valaipa01,26,COL,NL,26,53,47,6,6,1,0,1,2,0,0,6,21,10,1,0,0,0,0
Breyvic Valera#,valerbr01,27,NYY,AL,11,37,32,5,7,1,1,0,3,0,0,4,5,10,0,1,0,0,0
Josh VanMeter*,vanmejo01,24,CIN,NL,62,154,135,20,40,10,0,4,15,5,3,17,33,62,3,2,0,0,0
Ildemaro Vargas#,vargail01,27,ARI,NL,71,180,170,23,45,7,0,5,20,1,0,9,21,67,5,0,0,1,0
Andrew Vasquez*,vasquan02,25,MIN,AL,1,0,0,0,0,0,0,0,0,0,0,0,0,0,0,0,0,0,0
Christian Vazquez,vazquch01,28,BOS,AL,109,412,382,53,109,22,1,18,53,2,2,24,83,187,13,0,3,3,3
Felipe Vazquez*,riverfe01,27,PIT,NL,41,2,2,0,0,0,0,0,0,0,0,0,0,0,0,0,0,0,0
Vince Velasquez,velasvi01,27,PHI,NL,27,26,22,2,6,0,0,1,2,0,0,2,5,9,1,0,2,0,0
Andrew Velazquez#,velazan01,24,TBR,AL,10,12,12,2,1,1,0,0,0,0,0,0,6,2,0,0,0,0,0
Hector Velazquez,velazhe01,30,BOS,AL,3,1,1,0,0,0,0,0,0,0,0,0,1,0,0,0,0,0,0
Pat Venditte*,vendipa01,34,SFG,NL,2,0,0,0,0,0,0,0,0,0,0,0,0,0,0,0,0,0,0
Alex Verdugo*,verdual01,23,LAD,NL,106,377,343,43,101,22,2,12,44,4,1,26,49,163,8,2,0,6,1
Drew VerHagen,verhadr01,28,DET,AL,1,0,0,0,0,0,0,0,0,0,0,0,0,0,0,0,0,0,0
Justin Verlander,verlaju01,36,HOU,AL,1,2,2,0,0,0,0,0,0,0,0,0,1,0,1,0,0,0,0
Thyago Vieira,vieirth01,25,CHW,AL,1,0,0,0,0,0,0,0,0,0,0,0,0,0,0,0,0,0,0
Jonathan Villar#,villajo01,28,BAL,AL,128,556,497,84,137,28,4,17,57,28,8,52,137,224,8,3,2,2,0
Meibrys Viloria*,vilorme01,22,KCR,AL,19,71,65,3,14,4,0,1,9,0,0,5,22,21,2,0,0,1,0
Nick Vincent,vinceni01,32,SFG,NL,18,3,3,0,0,0,0,0,0,0,0,0,3,0,0,0,0,0,0
Arodys Vizcaino,vizcaar01,28,ATL,NL,4,0,0,0,0,0,0,0,0,0,0,0,0,0,0,0,0,0,0
Daniel Vogelbach*,vogelda01,26,SEA,AL,116,460,381,65,85,16,0,28,69,0,0,75,117,185,3,2,0,2,2
Stephen Vogt*,vogtst01,34,SFG,NL,75,203,184,21,52,20,2,7,25,0,1,16,48,97,0,1,0,2,0
Luke Voit,voitlu01,28,NYY,AL,94,416,349,60,97,16,1,19,54,0,0,58,114,172,10,8,0,1,2
Austin Voth,vothau01,27,WSN,NL,2,3,2,0,0,0,0,0,0,0,0,0,0,0,0,0,1,0,0
Joey Votto*,vottojo01,35,CIN,NL,113,486,424,60,111,25,1,12,39,4,0,57,100,174,10,3,0,2,2
Michael Wacha,wachami01,27,STL,NL,21,32,29,2,5,1,0,0,3,0,0,0,17,6,0,0,3,0,0
LaMonte Wade Jr*,wadela01,25,MIN,AL,2,4,2,1,0,0,0,0,0,0,1,1,0,0,0,1,0,0,0
Tyler Wade*,wadety01,24,NYY,AL,22,61,51,9,11,0,0,1,6,5,0,7,18,14,0,1,2,0,0
Jacob Waguespack,wagueja01,25,TOR,AL,1,2,1,0,0,0,0,0,0,0,0,1,1,0,0,0,0,0,0
Adam Wainwright,wainwad01,37,STL,NL,22,44,37,4,5,1,0,0,2,0,0,2,15,6,0,0,4,1,0
Marcus Walden,waldema01,30,BOS,AL,1,1,1,0,0,0,0,0,0,0,0,0,1,0,0,0,0,0,0
Mitch Walding*,waldimi01,26,PHI,NL,2,2,2,0,0,0,0,0,0,0,0,0,2,0,0,0,0,0,0
Christian Walker,walkech02,28,ARI,NL,120,475,418,65,107,21,1,22,56,7,1,51,124,196,8,5,0,1,3
Jeremy Walker,walkeje02,24,ATL,NL,4,1,1,0,0,0,0,0,0,0,0,0,0,0,0,0,0,0,0
Neil Walker#,walkene01,33,MIA,NL,87,286,254,24,67,14,1,5,24,2,0,30,61,98,6,1,0,1,0
Chad Wallach,wallach01,27,MIA,NL,19,54,48,4,12,3,0,1,3,0,0,6,12,18,0,0,0,0,0
Jared Walsh*,walshja01,25,LAA,AL,15,40,38,3,9,2,0,0,2,0,0,2,16,11,0,0,0,0,1
Wei-Chung Wang*,wangwe01,27,OAK,AL,1,0,0,0,0,0,0,0,0,0,0,0,0,0,0,0,0,0,0
Taylor Ward,wardta01,25,LAA,AL,7,11,10,1,1,1,0,0,0,0,0,1,7,2,0,0,0,0,0
Adam Warren,warread01,31,SDP,NL,23,0,0,0,0,0,0,0,0,0,0,0,0,0,0,0,0,0,0
Tony Watson*,watsoto01,34,SFG,NL,52,0,0,0,0,0,0,0,0,0,0,0,0,0,0,0,0,0,0
Luke Weaver,weavelu01,25,ARI,NL,12,21,19,2,2,0,0,1,4,0,0,0,11,5,0,0,1,1,0
Jacob Webb,webbja01,25,ATL,NL,35,1,1,0,0,0,0,0,0,0,0,0,1,0,0,0,0,0,0
Logan Webb,webblo01,22,SFG,NL,2,2,1,0,0,0,0,0,0,0,0,1,0,0,0,0,0,0,0
Tyler Webb*,webbty01,28,STL,NL,44,0,0,0,0,0,0,0,0,0,0,0,0,0,0,0,0,0,0
Allen Webster,webstal01,29,CHC,NL,11,0,0,0,0,0,0,0,0,0,0,0,0,0,0,0,0,0,0
J.B. Wendelken,wendejb01,26,OAK,AL,2,0,0,0,0,0,0,0,0,0,0,0,0,0,0,0,0,0,0
Joey Wendle*,wendljo01,29,TBR,AL,46,157,141,14,29,10,0,0,10,4,1,8,29,39,2,6,0,2,0
Zack Wheeler*,wheelza01,29,NYM,NL,21,48,43,5,11,2,0,1,4,0,0,1,15,16,0,2,2,0,0
Rowan Wick*,wickro01,26,CHC,NL,18,0,0,0,0,0,0,0,0,0,0,0,0,0,0,0,0,0,0
Brad Wieck*,wieckbr01,27,SDP,NL,28,2,2,0,0,0,0,0,0,0,0,0,1,0,0,0,0,0,0
Matt Wieters#,wietema01,33,STL,NL,56,166,153,14,34,4,0,10,23,1,1,10,46,68,3,1,0,2,0
Aaron Wilkerson,wilkeaa01,30,MIL,NL,8,3,3,1,1,0,0,1,2,0,0,0,1,4,0,0,0,0,0
Stevie Wilkerson#,wilkest01,27,BAL,AL,91,294,275,33,62,15,1,10,33,2,3,13,92,109,4,5,0,1,0
Austen Williams,williau01,26,WSN,NL,2,0,0,0,0,0,0,0,0,0,0,0,0,0,0,0,0,0,0
Devin Williams,willide03,24,MIL,NL,4,1,1,0,0,0,0,0,0,0,0,0,1,0,0,0,0,0,0
Nick Williams*,willini01,25,PHI,NL,60,107,101,9,16,4,0,2,5,0,0,4,39,26,1,2,0,0,0
Taylor Williams#,willita01,27,MIL,NL,8,1,1,0,0,0,0,0,0,0,0,0,1,0,0,0,0,0,0
Trevor Williams,willitr01,27,PIT,NL,16,30,24,1,5,0,0,0,4,0,0,2,12,5,0,0,4,0,0
Alex Wilson,wilsoal01,32,MIL,NL,11,0,0,0,0,0,0,0,0,0,0,0,0,0,0,0,0,0,0
Bobby Wilson,wilsobo02,36,DET,AL,15,47,44,2,4,1,0,0,2,0,0,2,11,5,1,0,1,0,0
Bryse Wilson,wilsobr02,21,ATL,NL,5,8,8,0,2,0,0,0,0,0,0,0,5,2,0,0,0,0,0
Justin Wilson*,wilsoju10,31,NYM,NL,26,0,0,0,0,0,0,0,0,0,0,0,0,0,0,0,0,0,0
Trey Wingenter,wingetr01,25,SDP,NL,43,0,0,0,0,0,0,0,0,0,0,0,0,0,0,0,0,0,0
Jesse Winker*,winkeje01,25,CIN,NL,113,384,338,51,91,17,2,16,38,0,2,38,60,160,10,8,0,0,2
Dan Winkler,winklda01,29,ATL,NL,26,1,0,0,0,0,0,0,0,0,0,0,0,0,0,0,1,0,0
Patrick Wisdom,wisdopa01,27,TEX,AL,9,28,26,1,4,1,0,0,1,0,0,1,15,5,0,0,1,0,0
Nick Wittgren,wittgni01,28,CLE,AL,3,0,0,0,0,0,0,0,0,0,0,0,0,0,0,0,0,0,0
Tony Wolters*,wolteto01,27,COL,NL,95,334,294,37,82,15,2,1,33,0,1,27,50,104,7,5,2,6,4
Kolten Wong*,wongko01,28,STL,NL,124,450,390,46,107,20,1,9,47,17,2,41,68,156,1,12,3,4,5
Alex Wood,woodal02,28,CIN,NL,5,8,5,0,0,0,0,0,0,0,0,0,4,0,0,0,3,0,0
Brandon Woodruff*,woodrbr01,26,MIL,NL,23,49,45,1,12,4,0,0,4,0,0,1,20,16,0,0,3,0,0
Brandon Workman,workmbr01,30,BOS,AL,3,0,0,0,0,0,0,0,0,0,0,0,0,0,0,0,0,0,0
Kyle Wright,wrighky01,23,ATL,NL,4,6,6,0,0,0,0,0,0,0,0,0,4,0,0,0,0,0,0
Austin Wynns,wynnsau01,28,BAL,AL,16,47,43,3,10,1,0,0,3,0,0,3,7,11,1,0,1,0,0
Jimmy Yacabonis,yacabji01,27,BAL,AL,1,0,0,0,0,0,0,0,0,0,0,0,0,0,0,0,0,0,0
Jordan Yamamoto,yamamjo01,23,MIA,NL,13,22,18,0,1,0,0,0,1,0,0,0,7,1,1,0,4,0,0
Ryan Yarbrough,yarbrry01,27,TBR,AL,1,0,0,0,0,0,0,0,0,0,0,0,0,0,0,0,0,0,0
Eric Yardley,yardler01,28,SDP,NL,1,0,0,0,0,0,0,0,0,0,0,0,0,0,0,0,0,0,0
Mike Yastrzemski*,yastrmi01,28,SFG,NL,75,287,263,46,73,15,3,17,47,1,2,18,72,145,4,2,1,3,1
Kirby Yates*,yateski01,32,SDP,NL,49,0,0,0,0,0,0,0,0,0,0,0,0,0,0,0,0,0,0
Christian Yelich*,yelicch01,27,MIL,NL,113,505,431,89,143,25,3,41,89,24,2,65,103,297,8,6,0,3,16
Gabriel Ynoa,ynoaga01,26,BAL,AL,3,0,0,0,0,0,0,0,0,0,0,0,0,0,0,0,0,0,0
Huascar Ynoa,ynoahu01,21,ATL,NL,2,0,0,0,0,0,0,0,0,0,0,0,0,0,0,0,0,0,0
Alex Young*,youngal01,25,ARI,NL,9,15,15,1,1,0,0,0,0,0,0,0,10,1,0,0,0,0,0
Mark Zagunis,zagunma01,26,CHC,NL,30,40,36,2,9,3,0,0,5,0,0,4,16,12,1,0,0,0,0
Daniel Zamora*,zamorda01,26,NYM,NL,12,0,0,0,0,0,0,0,0,0,0,0,0,0,0,0,0,0,0
Seby Zavala,zavalse01,25,CHW,AL,5,12,12,1,1,0,0,0,0,0,0,0,9,1,0,0,0,0,0
Ryan Zimmerman,zimmery01,34,WSN,NL,33,132,118,12,29,8,0,3,15,0,0,12,27,46,1,0,0,2,0
Jordan Zimmermann,zimmejo02,33,DET,AL,1,2,2,0,0,0,0,0,0,0,0,0,2,0,0,0,0,0,0
Ben Zobrist#,zobribe01,38,CHC,NL,26,99,83,12,20,1,0,0,10,0,0,14,12,21,5,0,0,2,0
Mike Zunino,zuninmi01,28,TBR,AL,73,251,230,25,39,10,1,8,27,0,0,18,84,75,3,3,0,0,0
